project,COM-1,COM-2,POP-1,STA-1,STA-2,STA-3,STA-4,STA-5,STA-6,STA-7,STA-8,STA-9,TEC-1,TEC-2,TEC-3,TEC-4,SWQ-1,SWQ-2.1,SWQ-2.2,SWQ-2.3,SWQ-2.4,SWQ-2.5,SWQ-2.6,SWQ-2.7,init,end,frequency (weeks),project_url
incubator-retired-Amaterasu,8753167.2676,123.0,140,7,-44.0,26,1.0,2,False,4.0,24.0,9.0,426,65317.0,98.0,715.0,0.0023589963542783618,22.69,2,0,0,1,16.62093296746374,154,2017-09-27,2019-10-18,12,https://github.com/apache/incubator-retired-Amaterasu
oltu,6941135.680196809,387.0,452,11,28.0,122,3.0,2,True,-1.0,73.0,4.0,0,6917.0,2.0,1327.0,0.078125,81.65,5,0,0,0,17.573221757322177,46,2013-05-28,2023-04-15,12,https://github.com/apache/oltu
Abdera,2938138.296738281,259.0,61,15,4.0,25,1.0,2,True,-2.0,97.0,9.0,0,26165.0,35.0,1611.0,0.017543859649122806,55.07,40,1,0,2,9.907712322640972,274,2009-05-21,2020-11-26,12,https://github.com/apache/Abdera
ACE,9788017.927576544,1935.0,80,14,23.0,24,2.0,2,True,-2.0,88.0,13.0,0,4022.0,19.0,1858.0,0.0010720897460694647,19.66,42,0,6,15,8.611501326733114,235,2010-05-26,2020-06-17,12,https://github.com/apache/ACE
incubator-BatchEE,3597850.263557143,679.0,47,11,65.0,19,2.0,1,True,-3.0,36.0,8.0,0,38758.0,14.0,267.0,0.05246720799500312,33.14,29,0,1,3,9.233974886220322,126,2013-11-05,2023-05-22,12,https://github.com/apache/incubator-BatchEE
Aurora,4326385.4242451135,6503.0,1500,11,235.0,242,0.0,5,False,-22.0,351.0,126.0,119,45584.0,452.0,3701.0,0.020702841695786907,92.86,29,1,0,6,2.437869822485207,286,2013-11-05,2020-02-23,12,https://github.com/apache/Aurora
bval,7829269.789685184,462.0,99,13,-57.0,27,5.0,2,False,1.0,89.0,18.0,57,19476.0,64.0,1414.0,0.03985969387755102,32.75,12,0,0,0,5.535549786450046,67,2011-02-02,2023-05-15,12,https://github.com/apache/bval
Airavata,6905910.718540531,12763.0,289,10,375.0,115,7.0,5,False,-7.0,276.0,99.0,1104,26050.0,299.0,10385.0,0.015365125328024613,2.3,0,50,95,335,50.31224500897569,323,2014-01-29,2023-05-23,12,https://github.com/apache/Airavata
AsterixDB,2077165.5111151026,5825.0,640,9,-99.0,128,1.0,4,False,7.0,176.0,56.0,0,6592.0,886.0,8286.0,0.012878609751405425,22.61,0,16,19,113,15.531952746939938,894,2015-03-10,2023-05-26,12,https://github.com/apache/AsterixDB
incubator-retired-Blur,4521682.770293652,313.0,103,10,130.0,33,-2.0,1,True,-4.0,27.0,8.0,0,3881.0,156.0,5120.0,0.0038594124700239807,14.41,29,2,15,38,32.243305862685865,196,2014-05-30,2017-06-22,12,https://github.com/apache/incubator-retired-Blur
Brooklyn,5337527.811984751,2060.0,339,9,20.0,71,-3.0,1,True,-4.0,87.0,24.0,6,9614.0,80.0,2499.0,0.5850515463917526,0.0,0,0,0,0,0.0,0,2015-12-02,2023-01-31,12,https://github.com/apache/Brooklyn
Buildr,14307120.323351242,2109.0,375,15,273.0,91,2.0,3,True,-4.0,179.0,26.0,435,71886.0,7.0,4393.0,0.04629035706649562,7.64,27,0,4,3,11.448578882328713,106,2009-05-21,2022-07-07,12,https://github.com/apache/Buildr
Aries,5982778.513506328,7071.0,364,15,465.0,152,4.0,7,False,-17.0,494.0,59.0,439,1521.0,164.0,20633.0,0.017942636595318414,54.78,31,2,4,17,14.309328418250171,180,2009-09-30,2023-04-21,12,https://github.com/apache/Aries
Chukwa,2653716.3200955587,856.0,210,12,0.0,44,0.0,1,True,0.0,48.0,11.0,0,34723.0,556.0,548.0,0.007568359375,15.01,38,1,6,17,12.52034649853131,385,2012-04-07,2019-07-05,12,https://github.com/apache/Chukwa
Clerezza,2862894.8425464923,1930.0,104,13,305.0,28,1.0,1,False,-3.0,69.0,21.0,1,68927.0,314.0,3798.0,0.01443277457049454,30.72,5,0,2,1,6.523757932208636,228,2011-02-12,2022-05-20,12,https://github.com/apache/Clerezza
cTAKES,20849520.02168191,103.0,42,2,49.0,4,-7.0,1,False,-1.0,8.0,0.0,0,-1.0,8.0,73.0,0.0018801657554129972,5.16,0,14,16,88,41.240219800099496,833,2022-11-29,2023-05-17,12,https://github.com/apache/cTAKES
Crunch,438762.56447754515,3908.0,293,12,61.0,83,1.0,1,True,-5.0,209.0,58.0,0,61888.0,57.0,1217.0,0.0467412771560237,18.15,20,0,0,4,14.320730436914026,114,2012-10-19,2021-02-02,12,https://github.com/apache/Crunch
Deltacloud,1942697.7177250981,2384.0,172,14,83.0,24,0.0,2,True,-4.0,126.0,36.0,0,65397.0,88.0,2586.0,0.034282064021577116,159.19,14,0,2,0,27.73544589582325,94,2010-07-29,2020-09-22,12,https://github.com/apache/Deltacloud
DirectMemory,1849309.6265779824,557.0,133,13,69.0,27,0.0,1,True,-6.0,42.0,10.0,0,76108.0,10.0,642.0,0.008938303902332679,40.69,3,0,2,0,7.289701062667594,78,2011-10-15,2023-04-17,12,https://github.com/apache/DirectMemory
DistributedLog,1494305.4623906256,1144.0,443,8,28.0,73,-33.0,1,True,-7.0,61.0,29.0,0,25760.0,53.0,310.0,0.005411346918068826,43.83,40,1,6,10,5.70827425330467,136,2016-07-22,2023-04-17,12,https://github.com/apache/DistributedLog
DeltaSpike,7193572.719667012,3736.0,420,11,29.0,130,0.0,2,False,-4.0,306.0,72.0,1148,44057.0,63.0,2499.0,0.04525107045543013,84.11,37,0,0,7,2.821631051024858,141,2013-06-04,2023-05-10,12,https://github.com/apache/DeltaSpike
Derby,7327678.1212651245,21343.0,744,13,102.0,138,0.0,4,False,-9.0,385.0,13.0,0,67715.0,117.0,8152.0,0.04950248756218906,95.1,0,22,53,170,10.741400427322358,901,2011-06-19,2023-05-19,12,https://github.com/apache/Derby
Drill,4192754.4094822877,57398.0,4573,12,-29.0,945,13.0,8,False,6.0,1222.0,237.0,387,12410.0,250.0,4375.0,0.08011226478201437,56.59,0,10,12,57,11.382147955327904,358,2012-09-05,2023-05-23,12,https://github.com/apache/Drill
CXF,5350733.288340371,13959.0,3014,10,346.0,1380,21.0,2,False,-8.0,1768.0,234.0,573,3314.0,965.0,36012.0,0.04012718226513969,118.25,0,1,19,77,13.055786411801371,270,2014-02-19,2023-05-29,12,https://github.com/apache/CXF
Eagle,1588072.006220073,4618.0,1010,9,111.0,190,-84.0,3,True,-9.0,131.0,45.0,0,62996.0,134.0,990.0,0.011411428250995346,29.28,42,1,0,9,15.598043574922189,246,2015-11-18,2020-11-20,12,https://github.com/apache/Eagle
Empire-db,12470583.921762895,779.0,179,13,-2.0,27,1.0,1,False,0.0,53.0,14.0,0,6314.0,142.0,1598.0,0.010586159576553617,6.37,35,8,2,6,13.308558005819863,140,2011-07-14,2023-05-22,12,https://github.com/apache/Empire-db
incubator-retired-Edgent,1980720.908269972,1966.0,562,8,349.0,140,-124.0,2,False,-13.0,63.0,23.0,0,30009.0,177.0,1228.0,0.00448715403248223,69.01,14,1,1,6,7.370239368265197,430,2016-03-10,2019-11-01,12,https://github.com/apache/incubator-retired-Edgent
ESME,4435278.189178218,686.0,43,14,303.0,11,1.0,2,True,-4.0,21.0,9.0,0,43731.0,90.0,2060.0,0.04081033470346448,12.3,5,0,0,0,14.701921899865344,98,2010-05-26,2023-04-18,12,https://github.com/apache/ESME
Falcon,1868437.627718405,12423.0,315,11,80.0,117,0.0,6,False,-4.0,231.0,58.0,0,28092.0,1258.0,1298.0,0.0368270169801216,63.42,39,2,4,21,12.862245365221828,327,2013-07-20,2019-07-25,12,https://github.com/apache/Falcon
CouchDB,17488680.689644292,26048.0,12425,15,117.0,1039,126.0,2,False,8.0,1602.0,268.0,3859,12566.0,546.0,16458.0,0.05688571498447015,55.19,7,0,15,1,16.37939050678389,111,2009-05-21,2023-05-27,12,https://github.com/apache/CouchDB
FtpServer,3646881.0218484183,399.0,209,13,79.0,57,1.0,1,True,-2.0,104.0,2.0,0,45016.0,79.0,1084.0,0.029199960540593865,58.62,21,0,0,6,12.282972069448938,149,2011-04-21,2023-04-24,12,https://github.com/apache/FtpServer
FreeMarker,1747141.8697292819,909.0,1957,9,93.0,247,-6.0,1,False,-1.0,197.0,36.0,0,14208.0,479.0,3026.0,0.004749841671944269,73.69,3,13,7,26,8.664883671392394,264,2015-09-04,2023-05-20,12,https://github.com/apache/FreeMarker
incubator-retired-Gearpump,747920.0069191175,2026.0,693,8,64.0,97,-55.0,3,False,-9.0,59.0,18.0,0,40590.0,526.0,1761.0,0.00637085557898515,25.16,14,0,0,3,3.010179562235135,153,2016-04-13,2018-08-28,12,https://github.com/apache/incubator-retired-Gearpump
Giraph,1298573.5597413937,8018.0,1522,13,50.0,302,2.0,4,True,-8.0,298.0,57.0,0,39915.0,9.0,1165.0,0.020250723240115717,18.19,42,0,2,19,7.823909503213266,179,2011-08-28,2023-04-14,12,https://github.com/apache/Giraph
Hama,2016328.7287991385,5965.0,337,14,71.0,75,1.0,2,False,-1.0,124.0,25.0,0,77305.0,553.0,1171.0,0.003947085927565193,13.52,30,0,2,4,10.13187927973624,170,2010-08-25,2020-02-11,12,https://github.com/apache/Hama
Geronimo,5353122.073008941,19.0,92,15,352.0,22,5.0,4,False,-9.0,32.0,25.0,0,34872.0,1082.0,15550.0,0.002156340654169422,24.98,0,4,10,60,19.009156786611573,350,2009-07-01,2023-04-17,12,https://github.com/apache/Geronimo
incubator-retired-HORN,1318969.9274137933,222.0,77,9,17.0,17,-8.0,1,False,-3.0,22.0,6.0,0,10730.0,20.0,20.0,0.058091286307053944,3.61,3,0,0,0,35.95406360424028,56,2015-09-18,2021-11-17,12,https://github.com/apache/incubator-retired-HORN
HCatalog,1505300.596588132,3988.0,169,13,52.0,47,1.0,2,True,-3.0,93.0,9.0,0,-1.0,593.0,113.0,0.10196394942157654,82.43,24,2,0,3,6.890167294848905,156,2011-04-14,2023-04-14,12,https://github.com/apache/HCatalog
incubator-retired-HTrace,950294.8571021509,1486.0,293,9,52.0,81,0.0,2,True,-5.0,37.0,10.0,0,44448.0,117.0,548.0,0.06681112314915132,24.41,41,1,6,4,49.91583998853992,285,2015-04-22,2018-04-11,12,https://github.com/apache/incubator-retired-HTrace
Helix,3831464.957144224,4539.0,1053,10,85.0,207,74.0,6,False,5.0,211.0,86.0,1352,29776.0,254.0,4719.0,0.015257641065830722,84.84,32,1,7,21,7.642750213857998,393,2014-01-13,2023-06-01,12,https://github.com/apache/Helix
Impala,6864444.1254755845,34394.0,2384,8,77.0,464,0.0,16,False,6.0,855.0,172.0,0,41131.0,1216.0,10730.0,0.030396876312497982,21.44,0,13,77,126,40.737250817778495,907,2016-04-13,2023-06-01,12,https://github.com/apache/Impala
incubator-retired-iota,510018.75186842104,229.0,99,8,1.0,33,0.0,2,False,-1.0,26.0,11.0,0,3863.0,37.0,155.0,0.0011597564511452595,76.0,2,0,0,0,15.654688145394465,43,2016-02-06,2020-05-20,12,https://github.com/apache/incubator-retired-iota
Isis,10178092.57520137,28326.0,1864,12,-721.0,300,134.0,2,False,2.0,170.0,57.0,8032,27130.0,450.0,23842.0,0.0028122822347827047,10.42,37,1,41,13,7.144350955692817,616,2012-11-30,2023-06-02,12,https://github.com/apache/Isis
ant-ivy,10443274.708573185,950.0,234,10,6.0,116,0.0,2,True,-2.0,204.0,26.0,0,20072.0,1001.0,2386.0,0.07817511225144323,69.15,31,0,3,17,3.9669465405462856,174,2014-05-28,2023-06-17,12,https://github.com/apache/ant-ivy
Jackrabbit,2115730.915356426,63994.0,819,15,612.0,205,0.0,3,False,-9.0,949.0,39.0,0,79935.0,927.0,13695.0,0.1011803549319026,47.86,0,22,14,65,11.3925981053004,619,2009-05-21,2023-07-08,12,https://github.com/apache/Jackrabbit
db-jdo,4289662.386710456,219.0,44,6,-13.0,10,0.0,1,False,4.0,25.0,10.0,131,53073.0,194.0,1940.0,0.0038121502149403843,3.7,0,50,39,99,38.85691897054142,464,2018-07-20,2023-06-10,12,https://github.com/apache/db-jdo
jclouds,4734377.477020818,5993.0,438,10,103.0,116,3.0,3,False,-19.0,657.0,210.0,489,44411.0,538.0,12046.0,0.010529361445176874,79.02,12,4,1,16,11.570496417604913,210,2014-01-07,2023-05-10,12,https://github.com/apache/jclouds
Johnzon,3129026.355283184,1058.0,152,10,48.0,66,6.0,2,False,0.0,131.0,35.0,0,49838.0,78.0,939.0,0.060810810810810814,110.17,29,5,2,12,8.52731177802287,225,2014-09-11,2023-05-22,12,https://github.com/apache/Johnzon
Joshua,5767237.8681283165,611.0,267,8,209.0,65,-24.0,3,True,-12.0,62.0,32.0,0,79127.0,242.0,4139.0,0.0007553578025152863,11.1,25,5,8,22,20.812156280136577,429,2016-03-25,2021-11-13,12,https://github.com/apache/Joshua
JSPWiki,6843573.695720203,2940.0,280,15,138.0,94,14.0,1,False,0.0,220.0,22.0,0,80048.0,528.0,9610.0,0.006357866365256705,23.25,41,0,7,5,9.989461340933042,124,2009-03-27,2023-05-30,12,https://github.com/apache/JSPWiki
Juneau,17538999.42266667,523.0,184,8,208.0,40,5.0,1,False,-7.0,53.0,20.0,1062,34581.0,305.0,2825.0,0.00022971280430109878,63.77,0,13,11,35,24.59108607829816,403,2016-08-02,2023-06-01,12,https://github.com/apache/Juneau
Kalumet,1541798.81116,92.0,20,13,40.0,6,2.0,2,True,-1.0,11.0,3.0,0,-1.0,2.0,192.0,0.0017554125219426564,1.01,39,1,7,63,37.65421472427842,547,2011-11-06,2023-04-14,12,https://github.com/apache/Kalumet
Knox,3960454.214870292,10713.0,565,10,68.0,235,2.0,4,False,0.0,412.0,90.0,463,54166.0,90.0,3083.0,0.0562722909603276,76.56,44,1,6,6,31.015159408872,305,2014-03-01,2023-05-31,12,https://github.com/apache/Knox
Kudu,9235713.623403035,7543.0,4048,8,268.0,634,5.0,4,False,-7.0,518.0,167.0,0,76625.0,1760.0,9413.0,0.021774045239992643,21.63,0,5,58,88,8.179514773392908,317,2016-01-29,2023-06-01,12,https://github.com/apache/Kudu
Geode,3974051.98329853,57677.0,5095,9,65.0,679,-7.0,3,False,-22.0,590.0,253.0,571,6269.0,1807.0,11478.0,0.024234364854166853,22.39,0,8,73,179,16.54115275848678,1599,2015-04-30,2023-06-18,12,https://github.com/apache/Geode
logging-log4php,9917073.167291267,169.0,281,12,33.0,79,-1.0,2,True,-3.0,72.0,15.0,5,83148.0,3.0,1044.0,0.02599388379204893,74.94,9,0,0,1,1.276897611728541,85,2012-12-08,2020-12-18,12,https://github.com/apache/logging-log4php
Lucy,3056614.7383840824,480.0,220,13,226.0,26,0.0,2,False,-4.0,37.0,11.0,0,48161.0,24.0,3417.0,0.006492266564827191,19.95,14,14,8,25,9.83782815159932,512,2011-11-19,2018-03-15,12,https://github.com/apache/Lucy
Lens,1869857.867993928,9166.0,218,10,156.0,100,-5.0,3,False,-15.0,165.0,82.0,0,35949.0,100.0,2370.0,0.03259259259259259,68.34,36,3,5,12,4.490207526139802,185,2014-11-12,2020-06-15,12,https://github.com/apache/Lens
MRUnit,1853120.4706450012,1148.0,103,13,24.0,27,0.0,2,True,-1.0,95.0,15.0,0,-1.0,53.0,282.0,0.06936416184971098,143.51,1,0,0,0,21.055959532089787,90,2011-03-26,2016-05-12,12,https://github.com/apache/MRUnit
commons-ognl,5530371.727073299,118.0,199,11,-51.0,43,8.0,1,False,4.0,36.0,10.0,3,86013.0,22.0,885.0,0.09743589743589744,45.8,33,1,1,8,5.773593466424682,160,2013-07-10,2023-05-25,12,https://github.com/apache/commons-ognl
incubator-Omid,2893201.5451625613,1239.0,210,8,163.0,54,0.0,2,False,-8.0,69.0,27.0,5,18547.0,64.0,1410.0,0.01509433962264151,111.48,6,0,0,0,3.3976655495203976,65,2016-04-14,2023-06-15,12,https://github.com/apache/incubator-Omid
Ode,7633592.074445862,2333.0,152,15,110.0,64,0.0,3,True,-7.0,163.0,22.0,0,61799.0,86.0,5571.0,0.03010295950874925,40.2,16,3,9,26,18.099303654748905,307,2009-05-21,2020-01-14,12,https://github.com/apache/Ode
Oozie,6501156.02723561,27552.0,1827,13,54.0,475,2.0,3,False,-1.0,701.0,41.0,0,74623.0,2628.0,550.0,0.0698857994041708,91.72,33,3,7,35,13.170370741985652,381,2011-09-14,2023-04-20,12,https://github.com/apache/Oozie
Lucene.NET,7379545.734388446,5216.0,4619,15,-2.0,627,43.0,1,False,1.0,320.0,90.0,4848,11618.0,694.0,7709.0,0.004782745501873623,54.48,0,32,40,195,14.782500204356449,1929,2009-03-27,2023-05-17,12,https://github.com/apache/Lucene.NET
Openmeetings,1515133.3272727274,249.0,1413,9,-36.0,255,2.0,1,False,2.0,41.0,22.0,0,26453.0,115.0,5843.0,1.2086490929088557e-05,6.61,43,0,3,16,23.9727596476248,303,2015-03-13,2023-05-24,12,https://github.com/apache/Openmeetings
OpenEJB,12168864.498799697,660.0,51,11,-1.0,27,11.0,2,False,1.0,71.0,0.0,0,17355.0,900.0,23326.0,0.005834795530294762,45.72,0,21,15,148,23.816161793923,343,2013-01-23,2023-04-18,12,https://github.com/apache/OpenEJB
OpenWebBeans,6652053.028015654,3316.0,168,13,121.0,58,2.0,2,False,0.0,185.0,28.0,78,60190.0,115.0,4278.0,0.03379591836734694,82.88,44,0,5,9,5.595082726392456,150,2011-01-28,2023-05-21,12,https://github.com/apache/OpenWebBeans
OpenJPA,5800253.009014613,7805.0,343,15,423.0,113,0.0,4,False,-8.0,647.0,43.0,0,17401.0,272.0,7224.0,0.04860500025881257,75.74,0,19,46,50,13.06292109169807,511,2009-05-21,2023-06-09,12,https://github.com/apache/OpenJPA
PhotArk,1275150.7811744187,208.0,26,14,39.0,6,1.0,1,True,-3.0,17.0,5.0,0,21040.0,3.0,411.0,0.011805998723675814,5.97,9,0,0,0,12.169826608329284,84,2010-08-12,2023-02-22,12,https://github.com/apache/PhotArk
Pig,3172178.294230457,5347.0,1773,15,138.0,459,3.0,4,True,-5.0,170.0,41.0,0,4913.0,4627.0,1660.0,0.008740992314893432,74.65,0,11,18,64,15.19396460071615,495,2009-05-21,2023-05-19,12,https://github.com/apache/Pig
Pluto,10419532.48007692,618.0,21,15,-1.0,9,2.0,3,True,1.0,61.0,5.0,0,17654.0,54.0,2243.0,0.03271617227420532,17.17,17,0,0,4,13.57196589769308,134,2009-05-21,2023-04-17,12,https://github.com/apache/Pluto
incubator-retired-Quickstep,2337116.0478026313,1007.0,242,8,271.0,62,-51.0,1,False,-26.0,63.0,39.0,0,81980.0,619.0,781.0,0.0023319730157408177,34.42,12,1,9,46,18.41480778357855,405,2016-04-14,2018-11-30,12,https://github.com/apache/incubator-retired-Quickstep
PDFBox,12208080.815552313,49405.0,4763,15,-60.0,743,2.0,3,False,0.0,2157.0,13.0,0,24927.0,274.0,17979.0,0.03971932471193068,18.69,22,2,15,51,18.055870997047467,339,2009-09-26,2023-07-02,12,https://github.com/apache/PDFBox
Rave,2451691.2257217956,326.0,43,10,4.0,13,0.0,3,False,-2.0,16.0,6.0,0,68270.0,41.0,1730.0,0.045754956786985254,62.78,19,2,1,1,15.676303134155106,60,2014-03-19,2017-05-05,12,https://github.com/apache/Rave
openoffice,12172149.402555559,234.0,1797,11,452.0,281,2.0,2,False,-16.0,98.0,65.0,3275,56717.0,441.0,16157.0,2.7628456204752646e-06,5.69,0,50,157,570,18.99917754843857,1601,2013-11-13,2023-06-01,12,https://github.com/apache/openoffice
Roller,31519917.800408058,2324.0,349,15,21.0,119,2.0,2,False,0.0,115.0,30.0,199,63493.0,319.0,4803.0,0.004516492997942523,11.42,36,2,0,16,13.687810805337412,304,2009-05-21,2023-04-26,12,https://github.com/apache/Roller
incubator-S2Graph,893649.1321401881,1164.0,604,8,38.0,68,-43.0,1,False,-4.0,42.0,16.0,0,65006.0,165.0,1527.0,0.0031858161922570815,23.31,35,0,0,5,14.618882535680518,147,2016-01-08,2020-05-28,12,https://github.com/apache/incubator-S2Graph
incubator-retired-S4,3399857.8829481476,595.0,100,12,35.0,18,-2.0,1,False,-3.0,54.0,11.0,0,49954.0,163.0,542.0,0.0026980439181593344,42.98,2,0,0,0,5.2032201060278815,73,2012-01-13,2022-11-07,12,https://github.com/apache/incubator-retired-S4
Sentry,2891828.7415288896,8625.0,323,8,93.0,89,0.0,7,False,-10.0,162.0,26.0,0,31901.0,55.0,1694.0,0.10043420804228809,113.42,41,1,3,5,25.590229972974356,158,2016-03-26,2021-01-20,12,https://github.com/apache/Sentry
ServiceMix,9539576.892152525,6137.0,451,10,134.0,159,-16.0,2,True,-6.0,247.0,21.0,18,9395.0,33.0,939.0,0.25401010766864424,21.12,0,0,1,0,30.49464558898521,32,2014-03-28,2023-07-02,12,https://github.com/apache/ServiceMix
Ranger,2793392.8088539923,13258.0,2334,10,52.0,828,13.0,7,False,16.0,863.0,162.0,2,52903.0,211.0,5842.0,0.02533570500354829,13.98,0,26,57,140,27.326019183808476,454,2014-07-27,2023-07-06,12,https://github.com/apache/Ranger
Phoenix,2467031.696921266,45734.0,2952,10,347.0,986,0.0,4,False,-2.0,1085.0,207.0,1365,27696.0,157.0,14211.0,0.04305345936929065,17.27,0,14,52,194,19.21583250359992,1104,2014-06-04,2023-06-02,12,https://github.com/apache/Phoenix
OFBiz,5252098.81290145,51075.0,2074,15,1372.0,566,0.0,3,False,-17.0,896.0,43.0,0,69591.0,232.0,31770.0,0.005044068404018232,2.34,0,48,105,243,17.533314811798856,753,2009-05-20,2022-01-10,12,https://github.com/apache/OFBiz
Sirona,137932.09630188678,199.0,270,11,215.0,54,2.0,1,True,-3.0,21.0,7.0,0,13356.0,82.0,826.0,0.0040941658137154556,15.41,33,1,6,7,3.6090089546838726,154,2013-10-24,2023-05-22,12,https://github.com/apache/Sirona
incubator-retired-Slider,1102097.0148664808,5838.0,230,10,340.0,76,1.0,1,False,-5.0,113.0,15.0,0,4634.0,205.0,2508.0,0.0381253035454104,58.08,37,1,7,13,10.035027765912004,260,2014-05-22,2018-07-30,12,https://github.com/apache/incubator-retired-Slider
Qpid,7851327.313252764,30586.0,338,15,1195.0,86,0.0,1,True,-17.0,579.0,46.0,0,26908.0,2838.0,35301.0,0.0238118496397289,76.21,24,2,2,12,7.471264367816092,244,2009-05-21,2023-07-07,12,https://github.com/apache/Qpid
SIS,26011868.239548743,989.0,210,11,247.0,44,0.0,1,False,1.0,73.0,18.0,0,4324.0,318.0,8159.0,0.0013768808067777267,33.72,0,12,6,55,3.261115255080129,330,2013-06-11,2023-06-13,12,https://github.com/apache/SIS
Sqoop,3420640.9166456223,18961.0,2464,13,50.0,590,0.0,4,True,-5.0,823.0,46.0,119,75587.0,309.0,1977.0,0.08361275214221087,97.11,30,0,6,16,10.565992220245452,191,2011-08-04,2021-07-05,12,https://github.com/apache/Sqoop
Stanbol,3390509.830874685,4168.0,299,14,281.0,75,4.0,4,True,-12.0,168.0,24.0,0,6938.0,681.0,6283.0,0.006625616650462713,27.71,0,10,6,55,21.43555862024728,403,2010-12-11,2023-04-14,12,https://github.com/apache/Stanbol
Streams,12481677.494333964,2638.0,193,10,215.0,47,-36.0,1,False,-7.0,55.0,30.0,859,81634.0,225.0,1778.0,0.0011888437818741852,27.54,35,0,2,1,32.0151723024776,112,2014-03-18,2023-04-15,12,https://github.com/apache/Streams
Stratos,2242744.1498368895,2413.0,432,10,181.0,118,-16.0,5,False,-23.0,141.0,67.0,0,73520.0,524.0,9120.0,0.011395504117516136,4.07,0,3,37,107,61.64469693279786,438,2014-06-03,2018-07-29,12,https://github.com/apache/Stratos
Synapse,3635608.035487715,2484.0,157,15,346.0,53,7.0,4,False,-9.0,185.0,43.0,117,72395.0,347.0,13258.0,0.01423833738669025,18.62,0,8,1,44,12.55453081540038,297,2009-05-21,2023-05-14,12,https://github.com/apache/Synapse
Tajo,1999797.9251477828,14272.0,376,10,229.0,112,-37.0,1,True,-5.0,98.0,36.0,1019,5507.0,625.0,2306.0,0.027391460117903787,31.22,0,19,17,50,10.729253981559095,427,2014-03-21,2021-03-18,12,https://github.com/apache/Tajo
Tashi,17145295.379666667,13.0,30,12,65.0,10,0.0,2,False,-1.0,7.0,2.0,0,-1.0,6.0,557.0,0.010778443113772455,0.0,3,1,0,2,12.309175638759442,594,2012-07-11,2014-01-20,12,https://github.com/apache/Tashi
incubator-Tephra,3459915.717818583,1053.0,117,8,24.0,51,1.0,5,True,-3.0,59.0,24.0,0,4585.0,21.0,488.0,0.021598670851024553,85.32,32,1,2,1,60.61860691670726,120,2016-06-02,2023-04-17,12,https://github.com/apache/incubator-Tephra
incubator-retired-Tamaya,4928680.0959913805,2384.0,123,10,373.0,35,-5.0,1,False,-10.0,59.0,21.0,0,31226.0,44.0,1589.0,0.012712975098296199,114.62,4,0,0,0,11.222407716564645,64,2014-11-21,2020-11-29,12,https://github.com/apache/incubator-retired-Tamaya
Tez,3482606.1560480352,31354.0,1241,11,157.0,393,0.0,3,False,-1.0,532.0,88.0,163,16741.0,2388.0,1816.0,0.08212381016674543,74.49,32,2,15,27,11.217488260394108,331,2013-04-08,2023-07-04,12,https://github.com/apache/Tez
Solr,5710092.868682934,13154.0,1977,3,-66.0,485,-131.0,12,False,-7.0,580.0,99.0,11512,10113.0,25329.0,43266.0,0.015771904832776986,67.86,0,13,47,168,16.774976034235294,675,2021-02-23,2023-07-07,12,https://github.com/apache/Solr
myfaces-trinidad,3509566.0565843736,37.0,18,7,12.0,10,1.0,2,True,-2.0,15.0,4.0,1,48502.0,189.0,5811.0,0.06274220335855324,315.72,13,2,35,67,20.939115131531235,334,2017-08-18,2022-08-01,12,https://github.com/apache/myfaces-trinidad
myfaces-tobago,21990141.53169619,1364.0,57,7,-93.0,25,52.0,1,False,0.0,48.0,17.0,0,39169.0,346.0,15975.0,0.009558733420687965,24.71,34,6,5,13,11.290902553038476,214,2017-08-18,2023-07-05,12,https://github.com/apache/myfaces-tobago
VCL,20357065.423766002,256.0,42,7,1.0,20,0.0,2,True,-1.0,18.0,9.0,0,29809.0,14.0,2814.0,0.05106289721674337,0.0,22,4,19,53,20.12843191176252,380,2017-10-17,2021-09-14,12,https://github.com/apache/VCL
VXQuery,14976894.828093171,397.0,72,9,42.0,32,-5.0,3,True,-5.0,34.0,13.0,0,79696.0,111.0,1659.0,0.010792778649921507,39.18,16,9,2,26,24.185124286681496,355,2015-03-17,2021-02-05,12,https://github.com/apache/VXQuery
incubator-retired-Wave,5806070.629273417,316.0,498,11,38.0,90,-1.0,1,False,-6.0,46.0,20.0,0,70961.0,89.0,1065.0,0.0017048343519137014,38.81,37,2,7,13,5.090168432213242,397,2013-12-17,2018-02-23,12,https://github.com/apache/incubator-retired-Wave
Unomi,49332886.46652315,1777.0,579,9,4.0,121,26.0,4,False,4.0,161.0,53.0,415,82988.0,245.0,2751.0,0.014996250937265684,19.46,40,0,3,7,5.274659779477501,159,2015-11-24,2023-06-14,12,https://github.com/apache/Unomi
Whirr,2167756.2674780684,5013.0,249,14,53.0,59,0.0,2,True,-2.0,184.0,16.0,0,38749.0,551.0,237.0,0.02645930115128257,66.94,3,0,0,0,11.487964989059082,66,2010-08-12,2015-04-23,12,https://github.com/apache/Whirr
Wink,1860546.8630287203,1593.0,63,15,303.0,23,4.0,2,True,-7.0,119.0,14.0,0,56775.0,43.0,922.0,0.01772313587737506,99.24,37,3,0,9,19.619374876098597,338,2009-07-10,2023-04-14,12,https://github.com/apache/Wink
Wookie,4112984.4849207927,46.0,22,10,153.0,8,3.0,1,True,-1.0,7.0,2.0,0,51273.0,217.0,1838.0,0.0020582831360327464,23.02,38,0,6,7,31.58993306302632,125,2014-02-03,2023-04-14,12,https://github.com/apache/Wookie
XMLBeans,21639629.294130854,913.0,141,15,-12.0,53,1.0,2,False,-1.0,191.0,9.0,0,22479.0,211.0,1887.0,0.006789862085652069,141.68,0,16,20,55,9.50915168967001,434,2009-08-06,2023-06-12,12,https://github.com/apache/XMLBeans
Usergrid,6037019.775566318,2875.0,2420,11,378.0,434,-10.0,3,True,-18.0,176.0,90.0,0,67503.0,950.0,10237.0,0.0009127609192284823,31.89,32,1,24,45,34.117849640114336,184,2013-11-05,2021-10-11,12,https://github.com/apache/Usergrid
ZetaComponents,2735096.7958599995,140.0,103,13,9.0,15,0.0,1,False,-2.0,39.0,4.0,0,56099.0,1334.0,6522.0,0.000196336149302734,147.84,11,2,17,55,29.035284446787408,260,2011-03-06,2020-12-03,12,https://github.com/apache/ZetaComponents
Subversion,5718451.961394156,8167.0,1201,15,893.0,167,0.0,8,False,-22.0,289.0,64.0,0,85461.0,1628.0,80323.0,0.015270894424718238,35.2,22,4,122,24,16.803780023625148,289,2009-12-31,2023-05-31,12,https://github.com/apache/Subversion
Wicket,2088415.405652098,26373.0,1749,15,40.0,373,1.0,5,False,7.0,1655.0,139.0,2809,21890.0,406.0,33504.0,0.03287875957407062,71.75,38,1,8,16,4.202775073028238,203,2009-05-21,2023-06-16,12,https://github.com/apache/Wicket
Spark,455249762.2437657,181981.0,98816,10,-223.0,26996,-432.0,2,False,38.0,12175.0,2527.0,0,24334.0,6366.0,46482.0,0.034318108398203435,121.59,0,30,64,145,10.3310672378469,528,2014-02-25,2023-07-06,12,https://github.com/apache/Spark
Any23,13348221.226230945,2272.0,246,12,147.0,60,6.0,2,False,-3.0,123.0,38.0,231,11696.0,168.0,1952.0,0.004649651276154288,83.04,24,1,1,2,3.243721433135106,159,2012-06-04,2023-05-24,12,https://github.com/apache/Any23
Apex-core,1396136.5372975792,3937.0,884,9,262.0,184,-168.0,3,True,-25.0,160.0,69.0,3,80363.0,318.0,5979.0,0.018842439386776523,49.36,29,5,8,25,7.605396796778749,533,2015-08-25,2021-04-09,12,https://github.com/apache/Apex-core
Atlas,4158983.479279016,9391.0,3908,7,270.0,786,-1.0,4,False,-10.0,597.0,147.0,248,32839.0,965.0,5186.0,0.04326429239425391,24.76,0,9,19,45,47.00802276797762,316,2017-07-22,2023-05-17,12,https://github.com/apache/Atlas
Bigtop,2162468.8394475128,23269.0,1457,13,169.0,459,5.0,6,False,4.0,711.0,219.0,663,33827.0,398.0,3619.0,0.04092846609159411,93.43,28,5,3,18,19.63194833937152,335,2011-08-04,2023-05-22,12,https://github.com/apache/Bigtop
Celix,7738779.403272217,1024.0,356,10,-216.0,78,14.0,2,False,6.0,68.0,35.0,529,7540.0,1440.0,2143.0,0.017193336100077075,9.57,27,1,8,25,12.121936791229814,194,2014-08-09,2023-05-24,12,https://github.com/apache/Celix
incubator-CommonsRDF,3116378.3989677425,816.0,107,9,141.0,41,-11.0,1,False,-2.0,51.0,20.0,0,32846.0,224.0,1260.0,0.006564551422319475,69.86,2,0,0,0,5.129650507328072,91,2015-03-19,2023-05-26,12,https://github.com/apache/incubator-CommonsRDF
DataSketches,5524025.4081,49.0,144,5,7.0,10,1.0,1,True,-1.0,15.0,1.0,0,376.0,509.0,112.0,3.560112499554986e-05,0.0,0,0,0,0,0.0,0,2019-05-08,2023-01-24,12,https://github.com/apache/DataSketches
Daffodil,19281900.17092821,4535.0,237,7,-81.0,69,35.0,3,False,6.0,100.0,40.0,0,32303.0,147.0,3735.0,0.008829577968526466,74.32,35,3,12,10,9.419946262051525,682,2017-08-29,2023-05-27,12,https://github.com/apache/Daffodil
Curator,6443911.003297596,3861.0,7122,10,57.0,1210,-6.0,2,False,0.0,538.0,128.0,1075,571.0,297.0,2726.0,0.037317049529902106,91.94,13,0,1,0,7.614466862389905,99,2014-03-03,2023-05-23,12,https://github.com/apache/Curator
ECharts,6195594.72215284,63718.0,130120,11,-24.0,19478,-5.0,2,False,15.0,4526.0,237.0,3217,55864.0,348.0,9014.0,0.014282575258185014,140.7,32,1,4,78,13.939494595906687,211,2013-04-03,2023-06-01,12,https://github.com/apache/ECharts
Flume,11720218.29624296,16059.0,6412,13,214.0,1570,4.0,4,False,2.0,1103.0,94.0,178,79841.0,37.0,2792.0,0.03759481633826489,102.52,46,0,1,8,8.564505934405506,185,2011-08-12,2023-05-29,12,https://github.com/apache/Flume
Fluo,8056326.837037037,1460.0,438,11,61.0,78,0.0,2,False,2.0,42.0,34.0,86,42301.0,203.0,881.0,0.013783903957314362,52.38,15,0,2,2,17.636709128017454,140,2013-06-19,2023-04-10,12,https://github.com/apache/Fluo
Felix,3762452.1689704056,21066.0,889,15,1110.0,327,0.0,2,False,-15.0,1230.0,48.0,0,26598.0,2303.0,35027.0,0.03781825708962948,0.0,0,0,0,0,,0,2009-05-20,2023-05-30,12,https://github.com/apache/Felix
Griffin,3503511.7122417563,1139.0,2664,7,41.0,590,-17.0,5,False,-5.0,213.0,78.0,545,68123.0,234.0,860.0,0.004129023150762281,25.33,5,0,1,1,19.287151480310435,102,2017-02-15,2023-05-23,12,https://github.com/apache/Griffin
HAWQ,1500340.8587483051,8740.0,1709,9,142.0,329,-141.0,1,False,-26.0,310.0,114.0,94,58494.0,211.0,2720.0,0.005017317130554203,16.9,0,31,199,227,16.586358342570897,651,2015-09-05,2023-02-04,12,https://github.com/apache/HAWQ
Groovy,10377773.150939537,14860.0,11548,9,133.0,1816,-48.0,4,False,-24.0,1394.0,305.0,9628,2070.0,748.0,36188.0,0.033530089598570186,86.97,0,9,28,38,6.2783011721665165,340,2015-04-16,2023-05-30,12,https://github.com/apache/Groovy
Cassandra,3169511.3339063157,146382.0,19387,15,37.0,3395,163.0,10,False,34.0,4810.0,539.0,652,12245.0,15151.0,14549.0,0.02532155149856082,82.17,12,4,31,43,5.226454199510736,418,2009-05-21,2023-05-27,12,https://github.com/apache/Cassandra
Jena,3102441.0348856077,15325.0,2533,11,183.0,619,18.0,1,False,6.0,570.0,114.0,42,61917.0,1270.0,23076.0,0.002791509702596851,39.66,0,50,79,95,38.99566912891235,2861,2013-01-04,2023-06-01,12,https://github.com/apache/Jena
Kylin,3624899.947439059,26693.0,8521,9,1044.0,1527,8.0,8,False,14.0,1324.0,334.0,3360,39298.0,1312.0,10975.0,0.005209170897562544,15.91,28,2,8,22,10.69002650762094,289,2015-01-03,2023-05-15,12,https://github.com/apache/Kylin
logging-log4cxx,443668.0,54.0,545,7,18.0,111,12.0,2,False,1.0,40.0,25.0,0,28236.0,273.0,2190.0,0.0,41.15,24,1,1,5,5.207735018188781,263,2017-04-09,2023-05-21,12,https://github.com/apache/logging-log4cxx
incubator-retired-MRQL,346658.7300294118,165.0,50,9,6.0,16,-5.0,1,True,-2.0,14.0,3.0,0,78568.0,5.0,164.0,0.029641185647425898,11.46,16,0,0,3,16.78808307056649,140,2015-04-18,2017-08-22,12,https://github.com/apache/incubator-retired-MRQL
Nuvem,171898.90657142855,82.0,8,14,27.0,4,2.0,2,True,-4.0,14.0,5.0,0,-1.0,0.0,141.0,0.009828009828009828,24.59,8,0,0,0,24.067333939945406,37,2010-08-12,2023-04-14,12,https://github.com/apache/Nuvem
ManifoldCF,1538910.959460485,9240.0,214,12,177.0,66,1.0,1,False,-4.0,249.0,16.0,0,59156.0,1869.0,4510.0,0.0054820966743161035,8.04,0,41,48,219,35.801816191287145,817,2012-06-22,2023-05-29,12,https://github.com/apache/ManifoldCF
MyFaces,11756310.285152895,1612.0,271,6,-28.0,67,1.0,2,False,2.0,128.0,36.0,1750,50227.0,129.0,7894.0,0.03668610301263363,51.27,0,2,16,95,19.77668698419548,302,2018-05-08,2023-06-16,12,https://github.com/apache/MyFaces
creadur-rat,8192880.848571426,1347.0,65,12,-4.0,33,2.0,2,False,2.0,117.0,16.0,0,69979.0,191.0,1961.0,0.026026237833262803,76.56,4,0,0,1,1.7568101065929729,72,2012-10-11,2023-06-19,12,https://github.com/apache/creadur-rat
Rya,5349451.658825396,3444.0,292,9,19.0,76,-9.0,5,True,-4.0,105.0,45.0,0,43869.0,56.0,441.0,0.019549559849091118,69.83,34,1,1,13,14.092442701148473,251,2015-10-06,2023-04-16,12,https://github.com/apache/Rya
incubator-SAMOA,3646513.6635942035,609.0,594,9,28.0,110,-19.0,1,True,-4.0,63.0,25.0,0,12867.0,23.0,134.0,0.00611974859411181,9.25,34,0,1,3,15.03793352601156,118,2015-01-27,2023-04-16,12,https://github.com/apache/incubator-SAMOA
PLC4X,844333.4666666667,326.0,1953,7,167.0,321,71.0,2,False,6.0,116.0,78.0,3600,3040.0,305.0,7272.0,0.0005710106889193873,19.78,0,50,45,345,17.542163034506547,5637,2017-12-20,2023-06-02,12,https://github.com/apache/PLC4X
Shindig,2131112.2827931223,4331.0,204,15,280.0,68,1.0,4,True,-11.0,306.0,34.0,0,77022.0,150.0,5223.0,0.053649407361197755,60.89,33,0,1,8,28.03985044138903,121,2009-05-21,2023-04-14,12,https://github.com/apache/Shindig
SINGA,1447566.0897435897,488.0,6656,9,69.0,986,-11.0,6,False,2.0,109.0,84.0,59,10640.0,508.0,2084.0,0.0,49.9,40,0,10,6,14.922139080692226,114,2015-04-02,2023-05-31,12,https://github.com/apache/SINGA
Syncope,4491365.598534142,7421.0,579,10,1.0,163,20.0,1,False,3.0,177.0,47.0,367,57729.0,37.0,12586.0,0.012798096766796606,20.95,12,5,2,68,17.664016529040996,459,2014-10-23,2023-07-06,12,https://github.com/apache/Syncope
Tika,2609499.194694863,25115.0,4166,15,-254.0,702,13.0,1,False,5.0,1669.0,156.0,2527,60365.0,1488.0,7559.0,0.007736693013544443,46.08,0,6,9,26,11.034783440912811,301,2009-05-21,2023-07-05,12,https://github.com/apache/Tika
Sling,2635763.7410744173,41850.0,702,15,1350.0,264,0.0,1,False,-6.0,804.0,54.0,0,81086.0,3266.0,46606.0,0.05208357542938155,0.0,0,0,0,0,,0,2009-03-27,2023-07-07,12,https://github.com/apache/Sling
Twill,4559486.354592591,940.0,202,8,29.0,72,-7.0,1,False,-5.0,47.0,16.0,0,25856.0,50.0,345.0,0.008817939946788294,35.73,4,0,0,0,1.7449995884434932,85,2016-07-29,2020-03-15,12,https://github.com/apache/Twill
Zipkin,5405578.9130434785,7332.0,35538,12,210.0,3064,-97.0,1,False,-1.0,479.0,199.0,328,14481.0,732.0,4031.0,0.002957373036916174,83.15,34,0,0,1,6.132627835364532,141,2012-06-06,2023-06-19,12,https://github.com/apache/Zipkin
Trafodion,5147353.154423019,13197.0,658,9,364.0,162,-60.0,1,True,-58.0,305.0,186.0,205,74216.0,889.0,6423.0,0.02631017004394394,5.26,0,50,373,1187,28.4654536993564,4510,2015-05-27,2021-05-05,12,https://github.com/apache/Trafodion
incubator-retired-Concerted,217262.16511764706,55.0,28,9,0.0,6,0.0,2,False,0.0,9.0,0.0,0,47918.0,17.0,24.0,0.05303030303030303,45.94,0,0,0,0,19.05805038335159,46,2015-10-23,2015-11-11,12,https://github.com/apache/incubator-retired-Concerted
DataFu,14155367.664884616,1078.0,275,10,22.0,65,1.0,1,False,-6.0,98.0,33.0,0,13422.0,136.0,516.0,0.0013179571663920922,64.21,17,0,0,6,20.61705989110708,181,2014-01-14,2023-04-12,12,https://github.com/apache/DataFu
Cayenne,6469149.897002547,4217.0,701,15,-54.0,127,10.0,1,False,1.0,288.0,63.0,0,76001.0,2019.0,6387.0,0.015230478438056529,67.83,0,7,5,27,11.993055436771977,1258,2009-05-21,2023-05-23,12,https://github.com/apache/Cayenne
ActiveMQ,12153225.602677926,26585.0,5673,15,76.0,1377,25.0,4,False,-3.0,2818.0,160.0,1180,74747.0,220.0,13769.0,0.08365180467091295,106.73,17,4,12,41,28.33157768888257,235,2009-05-21,2023-05-22,12,https://github.com/apache/ActiveMQ
Gora,8533466.21479239,2707.0,337,10,50.0,117,8.0,5,False,-7.0,163.0,55.0,146,48323.0,386.0,1223.0,0.01793986355596732,32.45,33,0,0,5,14.398746572659617,185,2014-05-19,2023-04-20,12,https://github.com/apache/Gora
Fineract,9456660.515387656,6642.0,3134,9,-64.0,1252,17.0,10,False,6.0,482.0,147.0,564,31848.0,537.0,6830.0,0.013996060368192656,21.47,0,8,25,94,19.404185082931686,491,2015-12-22,2023-05-30,12,https://github.com/apache/Fineract
Marmotta,3973982.483487847,1615.0,161,10,318.0,55,-1.0,2,False,-6.0,97.0,26.0,0,47530.0,220.0,2211.0,0.013849514337500582,19.08,29,1,2,17,17.31584083805853,193,2014-01-22,2021-02-23,12,https://github.com/apache/Marmotta
logging-log4net,26779525.880734753,841.0,1782,7,260.0,308,-11.0,2,False,-3.0,183.0,17.0,114,27388.0,126.0,2285.0,0.0652377972465582,18.34,19,0,4,7,11.468562541657407,207,2017-04-26,2023-05-20,12,https://github.com/apache/logging-log4net
Mnemonic,2303207.7715053526,1844.0,290,8,46.0,66,-13.0,1,False,0.0,81.0,34.0,95,17137.0,117.0,585.0,0.04664723032069971,33.01,14,0,1,4,32.55459216441876,152,2016-03-29,2023-05-31,12,https://github.com/apache/Mnemonic
NPanday,14766849.694194756,1040.0,43,14,46.0,15,3.0,3,True,-2.0,62.0,7.0,0,71660.0,109.0,2020.0,0.015419091578031976,26.47,43,0,5,14,15.715368785876748,212,2010-09-18,2023-05-31,12,https://github.com/apache/NPanday
OODT,7170435.904155253,2387.0,188,11,129.0,64,5.0,3,False,-9.0,129.0,52.0,223,64863.0,777.0,2135.0,0.0011474151044206138,24.07,45,0,11,13,34.5919090075827,167,2013-01-21,2023-04-17,12,https://github.com/apache/OODT
climate,3699731.3453513547,4036.0,390,10,132.0,116,-49.0,3,False,-8.0,84.0,43.0,65,79733.0,184.0,2868.0,0.008533616854592765,37.66,36,6,2,16,20.281325407568712,405,2014-03-08,2020-10-05,12,https://github.com/apache/climate
incubator-retired-OpenAz,6699475.030000001,33.0,58,9,38.0,26,3.0,2,False,-1.0,16.0,6.0,0,38646.0,4.0,68.0,0.0,118.24,12,7,6,32,18.16517751961868,463,2015-04-11,2016-10-20,12,https://github.com/apache/incubator-retired-OpenAz
incubator-retired-Pirk,459950.6767878788,526.0,142,8,231.0,26,-88.0,1,False,-6.0,26.0,10.0,0,39786.0,76.0,219.0,7.052426831071627e-05,30.12,2,0,0,7,10.345285524568393,184,2016-06-19,2017-06-16,12,https://github.com/apache/incubator-retired-Pirk
OpenNLP,13268994.84399815,4979.0,2896,13,51.0,424,3.0,2,False,5.0,302.0,65.0,134,69646.0,82.0,2838.0,0.022605736509479824,27.82,11,9,6,36,21.588981866298894,522,2011-11-09,2023-07-04,12,https://github.com/apache/OpenNLP
Samza,3140447.373548438,6855.0,1869,9,30.0,319,9.0,14,False,-13.0,454.0,192.0,432,20663.0,674.0,2271.0,0.04273109970589931,100.42,41,0,0,6,11.01897269782508,454,2015-03-14,2023-06-22,12,https://github.com/apache/Samza
Mesos,5230798.474435473,38668.0,11817,11,327.0,1695,-6.0,11,False,-7.0,1693.0,438.0,981,68822.0,2596.0,19314.0,0.011736344755723317,80.94,0,17,28,92,23.788211138930127,485,2013-07-17,2023-04-12,12,https://github.com/apache/Mesos
REEF,2778333.256623267,8774.0,292,10,52.0,104,-48.0,5,True,-8.0,202.0,89.0,492,51017.0,217.0,3741.0,0.012441023094114725,40.18,44,0,0,7,8.369390681882255,180,2014-10-23,2022-07-06,12,https://github.com/apache/REEF
Shiro,56551.0,4.0,10506,15,-335.0,2288,84.0,4,False,8.0,111.0,77.0,467,80761.0,117.0,3484.0,0.0,70.95,7,0,0,3,2.614704256495301,145,2009-08-29,2023-06-05,12,https://github.com/apache/Shiro
servicecomb-java-chassis,2519710.7302001743,5222.0,4493,7,228.0,787,-78.0,2,False,-14.0,268.0,156.0,170,79659.0,152.0,3752.0,0.00395987328405491,74.44,22,0,0,0,8.953458060117509,73,2017-05-18,2023-06-05,12,https://github.com/apache/servicecomb-java-chassis
Ignite,494154.0303030303,136.0,10789,9,3357.0,1849,60.0,10,False,-7.0,529.0,426.0,2324,77033.0,2277.0,31307.0,0.0,81.77,0,17,45,116,9.08068122688343,465,2015-02-19,2023-07-05,12,https://github.com/apache/Ignite
Zeppelin,2010741.5684104343,35982.0,14905,9,56.0,2757,-65.0,5,False,-23.0,2571.0,526.0,207,54755.0,1259.0,5740.0,0.029530320693947718,35.94,19,3,8,27,23.24671055908045,455,2015-03-25,2023-06-19,12,https://github.com/apache/Zeppelin
TVM,1222827.3922027291,13730.0,22833,8,-559.0,3073,33.0,7,False,96.0,1348.0,818.0,1784,31405.0,973.0,10177.0,0.0068657140670609716,57.58,0,14,41,172,11.945692368815134,419,2016-10-12,2023-06-21,12,https://github.com/apache/TVM
APISIX,698581.3416501182,23201.0,25997,5,137.0,2223,53.0,5,False,33.0,945.0,357.0,2145,42108.0,1951.0,2165.0,0.006508561691667365,7.76,35,1,0,9,29.18678577176887,403,2019-04-10,2023-05-27,12,https://github.com/apache/APISIX
Gobblin,1102031.1138770047,2743.0,5005,10,100.0,735,16.0,9,False,-6.0,357.0,187.0,353,2750.0,324.0,5858.0,0.004814958267830155,49.28,41,0,0,14,6.563633832117088,245,2014-12-01,2023-05-30,12,https://github.com/apache/Gobblin
jUDDI,4744625.808772923,900.0,55,10,33.0,17,2.0,2,False,-2.0,27.0,7.0,0,84452.0,173.0,3043.0,0.003953560917388886,16.04,24,5,31,24,50.4834402773903,439,2014-02-21,2023-02-27,12,https://github.com/apache/jUDDI
ODFToolkit,5458875.13297303,775.0,101,12,6.0,29,0.0,1,True,1.0,95.0,5.0,0,-1.0,120.0,1200.0,0.01047139389108301,13.97,30,2,17,23,63.75281461095822,259,2012-07-28,2018-10-02,12,https://github.com/apache/ODFToolkit
incubator-retired-Ripple,1882096.3603880606,278.0,405,11,27.0,59,-10.0,2,False,-2.0,114.0,25.0,0,39544.0,138.0,1006.0,0.008267090620031796,47.79,11,0,1,0,18.395158909770736,99,2013-04-08,2016-01-31,12,https://github.com/apache/incubator-retired-Ripple
Mynewt-core,5157541.646616542,665.0,1846,9,378.0,352,0.0,6,False,4.0,193.0,149.0,959,76795.0,367.0,10445.0,5.967979079520609e-05,2.13,0,30,106,157,28.248173917564184,623,2015-10-29,2023-06-01,12,https://github.com/apache/Mynewt-core
SystemML,12526342.832039919,6487.0,2372,9,169.0,432,-60.0,2,False,-5.0,305.0,161.0,166,58045.0,937.0,7625.0,0.002346722690014695,53.5,0,35,30,94,12.829148653556272,947,2015-11-10,2023-07-05,12,https://github.com/apache/SystemML
Accumulo,13978907.876366321,32959.0,2377,13,288.0,425,81.0,3,False,6.0,547.0,203.0,1133,8334.0,349.0,11812.0,0.023701425245704774,47.84,0,9,21,59,20.37519116397621,464,2011-10-06,2023-06-06,12,https://github.com/apache/Accumulo
Calcite,2750670.6920155487,35059.0,9711,10,42.0,1979,87.0,1,False,19.0,1508.0,411.0,1449,53143.0,907.0,4559.0,0.03921940763399685,49.64,0,5,30,65,5.918698682550516,466,2014-06-25,2023-05-27,12,https://github.com/apache/Calcite
CarbonData,2539688.144278939,6873.0,3444,8,414.0,712,-157.0,6,False,-36.0,583.0,235.0,229,56059.0,844.0,5185.0,0.028382012928797246,69.06,0,11,6,97,11.864714974088551,361,2016-06-28,2023-04-28,12,https://github.com/apache/CarbonData
CloudStack,2416453.158125667,11732.0,3836,11,2743.0,1002,63.0,15,False,-81.0,770.0,577.0,1688,37731.0,563.0,49409.0,0.0006735151824325902,45.63,0,45,135,244,23.12449830125917,537,2013-04-29,2023-07-07,12,https://github.com/apache/CloudStack
Iceberg,2609149.4266802445,11088.0,10266,6,-265.0,1612,-2.0,6,False,55.0,726.0,312.0,1146,34822.0,595.0,3989.0,0.0003931181204328924,117.54,23,0,3,19,57.69391076532232,151,2018-11-19,2023-07-05,12,https://github.com/apache/Iceberg
MetaModel,4544793.764252634,1725.0,454,11,13.0,148,0.0,2,False,-2.0,163.0,49.0,534,54290.0,285.0,668.0,0.0260387811634349,58.67,40,0,0,2,5.719104007038897,119,2013-08-07,2021-06-23,12,https://github.com/apache/MetaModel
incubator-Myriad,5416660.542429188,827.0,383,9,64.0,71,5.0,3,True,-10.0,83.0,39.0,17,10142.0,160.0,293.0,0.013482767337996124,16.57,7,0,2,1,9.67164868140112,125,2015-04-04,2023-04-16,12,https://github.com/apache/incubator-Myriad
Nutch,8643543.426774736,17391.0,6388,15,-13.0,1212,2.0,5,False,1.0,668.0,91.0,168,52210.0,1717.0,2500.0,0.009532422635674746,19.59,22,4,2,36,15.46306235971504,250,2009-05-21,2023-05-23,12,https://github.com/apache/Nutch
Ambari,724845.2096878157,108630.0,5423,13,231.0,1593,33.0,13,False,5.0,1730.0,302.0,5396,41014.0,2381.0,35410.0,0.04914421376592121,70.12,0,25,56,132,19.59092368148749,437,2011-09-23,2023-05-25,12,https://github.com/apache/Ambari
incubator-AriaTosca,2021894.153536083,1977.0,104,8,15.0,46,-26.0,2,False,-5.0,45.0,14.0,13,46687.0,39.0,166.0,0.05902578796561605,57.47,25,0,0,0,4.990767080900334,85,2016-08-28,2018-07-15,12,https://github.com/apache/incubator-AriaTosca
Airflow,981268.9725315516,42777.0,73697,9,-850.0,12467,600.0,5,False,207.0,4406.0,2556.0,6120,39650.0,5042.0,22722.0,0.016981101349205704,102.45,23,1,26,21,20.89982662383425,251,2015-04-13,2023-06-22,12,https://github.com/apache/Airflow
incubator-retired-Gossip,3350083.1934470586,562.0,601,8,31.0,115,-11.0,2,True,-7.0,55.0,15.0,0,34730.0,26.0,184.0,0.015492957746478873,60.95,1,0,0,0,7.396449704142012,62,2016-05-28,2018-08-27,12,https://github.com/apache/incubator-retired-Gossip
MADlib,4578358.876266247,2368.0,985,9,0.0,139,-6.0,5,False,-4.0,166.0,49.0,0,22978.0,401.0,2655.0,0.03138075313807531,0.67,0,18,19,32,29.24762463969254,510,2015-09-19,2023-05-24,12,https://github.com/apache/MADlib
Metron,1536451.5308570499,17915.0,2191,9,152.0,517,-32.0,4,False,-16.0,267.0,87.0,0,70919.0,654.0,1014.0,0.009982371991964908,55.02,44,2,2,11,16.622195269860523,243,2015-12-08,2021-01-11,12,https://github.com/apache/Metron
OpenWhisk,4038937.170552147,8876.0,13297,8,278.0,1159,-196.0,9,False,-31.0,421.0,244.0,788,22215.0,639.0,2435.0,0.0025610405306245774,126.91,40,0,2,7,8.22775635636216,165,2016-02-18,2023-05-31,12,https://github.com/apache/OpenWhisk
NetBeans,6163652.850485148,24559.0,5354,7,396.0,770,-288.0,1,False,-32.0,2944.0,245.0,4028,35397.0,1387.0,8666.0,0.014794382484384739,31.93,0,50,558,1843,28.506458371197898,2404,2017-09-01,2023-06-02,12,https://github.com/apache/NetBeans
Ratis,2242426.3148876266,9589.0,2408,7,-100.0,356,6.0,2,False,10.0,287.0,98.0,49,257.0,123.0,1728.0,0.06891093288307303,48.23,10,0,1,2,4.840945852268351,108,2017-01-31,2023-07-05,12,https://github.com/apache/Ratis
IoTDB,1695388.3322499096,12059.0,7275,6,-720.0,861,412.0,16,False,51.0,658.0,249.0,2158,3065.0,2582.0,9905.0,0.011636363636363636,60.45,0,8,26,83,18.436963715487718,326,2018-11-24,2023-06-03,12,https://github.com/apache/IoTDB
NiFi,5836551.976830905,64822.0,10080,10,301.0,2476,222.0,6,False,30.0,2840.0,573.0,3851,65696.0,311.0,9680.0,0.021173387481668533,57.79,0,15,51,173,16.829542015535157,951,2014-12-12,2023-06-03,12,https://github.com/apache/NiFi
RocketMQ,3111817.800507185,10820.0,49480,8,-76.0,10852,-15.0,7,False,35.0,1131.0,514.0,765,2381.0,983.0,7429.0,0.005765039488176982,41.19,11,4,17,56,11.889026836023302,327,2016-11-30,2023-06-02,12,https://github.com/apache/RocketMQ
Druid,11629518.145662848,19638.0,28777,12,-61.0,3533,-11.0,9,False,40.0,1244.0,596.0,2962,81231.0,3779.0,10664.0,0.002326447954637505,101.5,0,3,37,165,18.911546195139703,506,2012-10-23,2023-06-01,12,https://github.com/apache/Druid
Thrift,6918474.745455096,30510.0,23454,15,1.0,3958,0.0,8,False,5.0,2981.0,553.0,492,42113.0,604.0,6201.0,0.09769127432909494,40.5,0,12,25,108,17.279205057888035,608,2009-09-18,2023-07-07,12,https://github.com/apache/Thrift
Storm,3552503.942656813,24632.0,17014,11,152.0,4106,-23.0,7,False,-10.0,1455.0,466.0,48,45146.0,4348.0,9946.0,0.008620898413851556,27.51,43,0,9,19,7.334605944914099,243,2013-11-05,2023-07-06,12,https://github.com/apache/Storm
TinkerPop,4478703.9692521375,16462.0,4311,9,788.0,767,-42.0,1,False,5.0,729.0,228.0,73,79019.0,270.0,19813.0,0.004404706157808476,54.71,24,5,11,21,15.286766902320023,256,2015-02-07,2023-07-06,12,https://github.com/apache/TinkerPop
TrafficControl,15933231.160409557,6345.0,2178,8,688.0,348,-104.0,6,False,-3.0,206.0,149.0,1984,38653.0,1860.0,11990.0,0.007273075266759175,65.38,0,7,15,89,17.131665151269818,578,2016-09-02,2023-06-09,12,https://github.com/apache/TrafficControl
ShardingSphere,892010.8161697695,39329.0,43252,8,-867.0,6332,136.0,2,False,60.0,1618.0,557.0,9268,3576.0,5381.0,33797.0,0.0019002309404756125,116.32,35,0,18,1,31.034652179711244,83,2016-01-18,2023-06-09,12,https://github.com/apache/ShardingSphere
Kafka,4609501.732497411,71260.0,62747,13,-411.0,12651,122.0,15,False,81.0,6482.0,1146.0,3639,15110.0,280.0,16731.0,0.045037938547066336,143.95,4,7,31,60,7.434659019445073,294,2011-08-15,2023-06-06,12,https://github.com/apache/Kafka
Superset,3977338.9324889327,42565.0,115367,9,-523.0,10699,90.0,11,False,70.0,2815.0,901.0,2258,54138.0,2140.0,16594.0,0.0,47.61,31,1,19,64,18.129168876518023,632,2015-07-21,2023-06-07,12,https://github.com/apache/Superset
Pulsar,5688431.650975244,27079.0,28783,8,-570.0,3299,106.0,11,False,75.0,1217.0,619.0,6376,48897.0,2999.0,14243.0,0.01686434988330829,91.64,0,5,36,98,12.152129436885224,327,2016-06-28,2023-06-08,12,https://github.com/apache/Pulsar
Beam,12100401.482279256,73468.0,17722,8,-1219.0,3950,-17.0,32,False,64.0,3797.0,1343.0,6445,21562.0,5033.0,69139.0,0.01776143805135648,74.41,0,14,77,125,14.181809518922762,1870,2016-02-02,2023-07-09,12,https://github.com/apache/Beam
Flink,4972753.886764258,214022.0,54629,10,160.0,12023,209.0,14,False,59.0,5854.0,1529.0,12032,22524.0,6583.0,38100.0,0.024970342699888196,113.87,0,21,59,202,14.243722388194492,436,2014-06-07,2023-07-12,12,https://github.com/apache/Flink
Hudi,2915066.606126055,37493.0,10447,8,-558.0,1957,238.0,11,False,94.0,1394.0,405.0,1437,40625.0,1244.0,5472.0,0.0035314524986759274,62.98,0,7,6,58,20.8970655922514,267,2016-12-14,2023-07-10,12,https://github.com/apache/Hudi
Dubbo,3745666.679821638,25727.0,103770,12,-63.0,25918,209.0,6,False,49.0,2308.0,593.0,3456,83017.0,310.0,7637.0,0.01395754579819715,70.66,33,2,4,12,11.403020144424076,230,2012-06-19,2023-05-31,12,https://github.com/apache/Dubbo
Libcloud,2560570.7037402606,4536.0,4817,15,165.0,929,17.0,3,False,-2.0,1105.0,465.0,2529,3663.0,390.0,9642.0,0.014713451000575218,93.15,45,0,15,2,29.036188303608466,147,2009-12-11,2023-06-01,12,https://github.com/apache/Libcloud
SkyWalking,427666.6310336708,22645.0,50158,9,353.0,6228,19.0,4,False,16.0,1214.0,465.0,1086,74654.0,2861.0,4951.0,0.005518127166667657,53.27,48,0,0,7,14.91085377442059,155,2015-11-07,2023-06-17,12,https://github.com/apache/SkyWalking
incubator-retired-Weex,973964.6311881188,3195.0,29542,7,1759.0,1848,-194.0,2,False,-62.0,541.0,228.0,1284,75674.0,1688.0,10419.0,0.0019169555068260593,3.74,7,12,47,31,9.752025071498297,2394,2017-01-06,2021-05-31,12,https://github.com/apache/incubator-retired-Weex
DolphinScheduler,625084.4359781349,26952.0,25234,5,532.0,3942,12.0,13,False,38.0,984.0,479.0,1701,63593.0,1398.0,8173.0,0.014375204048318642,26.5,38,1,8,42,18.900171357163703,562,2019-03-01,2023-07-05,12,https://github.com/apache/DolphinScheduler
TrafficServer,9606571.618306352,7396.0,3987,15,-106.0,773,110.0,10,False,13.0,611.0,472.0,8501,42945.0,594.0,19309.0,0.00046136578043120483,21.49,35,1,52,4,11.583606649813456,178,2009-10-31,2023-06-19,12,https://github.com/apache/TrafficServer
