project,COM-1,COM-3,POP-4,STA-1,STA-2,STA-4,STA-5,STA-6,STA-7,STA-10,STA-11,STA-12,TEC-1,TEC-2.1,TEC-2.2,TEC-2.3,TEC-2.4,TEC-4,TEC-5,SWQ-1,SWQ-4.1,SWQ-4.2,SWQ-4.3,SWQ-4.4,SWQ-4.5,SWQ-4.6,SWQ-4.7,init,end,frequency(weeks),project_url
incubator-retired-Amaterasu,8753167.2676,123,140,2017-09-27 20:52:34,-44,26,1,2,False,4,24,9,426,65795,8382,9888,65317,98,715,0.0023589963542783618,22.69,2,0,0,1,16.62093296746374,154,2017-09-27,2019-10-18,12,https://github.com/apache/incubator-retired-Amaterasu
oltu,6941135.680196809,387,452,2013-05-28 07:00:14,28,122,3,2,True,-1,73,4,0,-1,-1,-1,6917,2,1327,0.078125,81.65,5,0,0,0,17.573221757322177,46,2013-05-28,2023-04-15,12,https://github.com/apache/oltu
Abdera,2938138.296738281,259,61,2009-05-21 03:21:27,4,25,1,2,True,-2,97,9,0,5029,-1,0,26165,35,1611,0.017543859649122806,55.07,40,1,0,2,9.907712322640972,274,2009-05-21,2020-11-26,12,https://github.com/apache/Abdera
ACE,9788017.927576544,1935,80,2010-05-26 23:38:08,23,24,2,2,True,-2,88,13,0,-1,-1,-1,4022,19,1858,0.0010720897460694647,19.66,42,0,6,15,8.611501326733114,235,2010-05-26,2020-06-17,12,https://github.com/apache/ACE
Allura,Issues missing,Issues missing,254,2014-04-05 07:00:06,93,34,0,4,False,-6,Commits or Issues or PRs missing,38,0,55116,-1,2887,71850,1226,13389,Issues missing,41.98,39,0,10,12,14.046379555134878,245,2014-04-05,2023-05-25,12,https://github.com/apache/Allura
incubator-BatchEE,3597850.263557143,679,47,2013-11-05 08:00:13,65,19,2,1,True,-3,36,8,0,39240,-1,0,38758,14,267,0.05246720799500312,33.14,29,0,1,3,9.233974886220322,126,2013-11-05,2023-05-22,12,https://github.com/apache/incubator-BatchEE
Aurora,4326385.4242451135,6503,1500,2013-11-05 08:00:13,235,242,0,5,False,-22,351,126,119,24255,30769,14292,45584,452,3701,0.020702841695786907,92.86,29,1,0,6,2.437869822485207,286,2013-11-05,2020-02-23,12,https://github.com/apache/Aurora
bval,7829269.789685184,462,99,2011-02-02 08:00:07,-57,27,5,2,False,1,89,18,57,64664,-1,19971,19476,64,1414,0.03985969387755102,32.75,12,0,0,0,5.535549786450046,67,2011-02-02,2023-05-15,12,https://github.com/apache/bval
Airavata,6905910.718540531,12763,289,2014-01-29 08:00:06,375,115,7,5,False,-7,276,99,1104,54549,83692,63113,26050,299,10385,0.015365125328024613,2.3,0,50,95,335,50.31224500897569,323,2014-01-29,2023-05-23,12,https://github.com/apache/Airavata
AsterixDB,2077165.5111151026,5825,640,2015-03-10 19:06:29,-99,128,1,4,False,7,176,56,0,13006,-1,30464,6592,886,8286,0.012878609751405425,22.61,0,16,19,113,15.531952746939938,894,2015-03-10,2023-05-26,12,https://github.com/apache/AsterixDB
Bloodhound,Issues missing,Issues missing,321,2013-04-08 07:20:19,216,35,1,1,True,-9,Commits or Issues or PRs missing,19,0,-1,-1,-1,46401,71,1483,Issues missing,6.96,6,7,76,28,42.61659031627482,339,2013-04-08,2023-04-15,12,https://github.com/apache/Bloodhound
incubator-retired-Blur,4521682.770293652,313,103,2014-05-30 07:00:06,130,33,-2,1,True,-4,27,8,0,3067,-1,1907,3881,156,5120,0.0038594124700239807,14.41,29,2,15,38,32.243305862685865,196,2014-05-30,2017-06-22,12,https://github.com/apache/incubator-retired-Blur
Brooklyn,5337527.811984751,2060,339,2015-12-02 08:00:06,20,71,-3,1,True,-4,87,24,6,48907,-1,2007,9614,80,2499,0.5850515463917526,0.0,0,0,0,0,0.0,0,2015-12-02,2023-01-31,12,https://github.com/apache/Brooklyn
Buildr,14307120.323351242,2109,375,2009-05-21 03:16:15,273,91,2,3,True,-4,179,26,435,32686,-1,22273,71886,7,4393,0.04629035706649562,7.64,27,0,4,3,11.448578882328711,106,2009-05-21,2022-07-07,12,https://github.com/apache/Buildr
Aries,5982778.513506328,7071,364,2009-09-30 08:00:10,465,152,4,7,False,-17,494,59,439,74376,-1,40909,1521,164,20633,0.017942636595318414,54.78,31,2,4,17,14.309328418250171,180,2009-09-30,2023-04-21,12,https://github.com/apache/Aries
Chemistry,3686599.8813372506,3447,24,2009-05-21 02:28:25,82,8,PRs missing,2,False,-4,Commits or Issues or PRs missing,14,0,PRs missing,PRs missing,PRs missing,PRs missing,25,482,0.1762496388327073,0.0,0,0,0,0,https://docs.google.com/document/d/15UfGiIHMK0T1C98dIn1vkLUkL_YsjPLcyovi3ylIC4I/edit?fbclid=IwAR0BcNRMPGeLmMckPQHpJsB4B6qNfjIX8u9-54JL7Ee2bLgFkcdrQHirsRg,0,2009-05-21,2022-01-26,12,https://github.com/apache/Chemistry
Chukwa,2653716.3200955587,856,210,2012-04-07 07:00:24,0,44,0,1,True,0,48,11,0,34186,-1,3962,34723,556,548,0.007568359375,15.01,38,1,6,17,12.52034649853131,385,2012-04-07,2019-07-05,12,https://github.com/apache/Chukwa
Click,4661232.728844296,37,33,2013-11-08 08:00:11,11,11,PRs missing,1,True,-1,Commits or Issues or PRs missing,2,0,PRs missing,PRs missing,PRs missing,PRs missing,570,10443,0.00293968326755212,21.27,43,1,5,7,13.770787869666641,194,2013-11-08,2015-09-14,12,https://github.com/apache/Click
incubator-retired-Corinthia,915542.6232045457,222,36,2014-12-18 08:00:05,98,6,PRs missing,2,False,-2,Commits or Issues or PRs missing,4,0,PRs missing,PRs missing,PRs missing,PRs missing,156,292,0.0008123476848090983,170.07,9,7,12,19,21.299177894907267,590,2014-12-18,2016-01-31,12,https://github.com/apache/incubator-retired-Corinthia
Clerezza,2862894.8425464923,1930,104,2011-02-12 08:00:07,305,28,1,1,False,-3,69,21,1,46056,-1,49286,68927,314,3798,0.01443277457049454,30.72,5,0,2,1,6.523757932208636,228,2011-02-12,2022-05-20,12,https://github.com/apache/Clerezza
incubator-retired-Cotton,2115615.502,15,207,2015-08-01 07:00:05,0,23,PRs missing,1,False,0,Commits or Issues or PRs missing,0,0,PRs missing,PRs missing,PRs missing,PRs missing,19,37,0.03314917127071823,49.07,3,0,0,2,3.0303030303030303,248,2015-08-01,2015-12-10,12,https://github.com/apache/incubator-retired-Cotton
cTAKES,20849520.02168191,103,42,2022-11-29 13:43:35,49,4,-7,1,False,-1,8,0,0,-1,-1,-1,-1,8,73,0.0018801657554129972,5.16,0,14,16,88,41.240219800099496,833,2022-11-29,2023-05-17,12,https://github.com/apache/cTAKES
Crunch,438762.56447754515,3908,293,2012-10-19 07:00:12,61,83,1,1,True,-5,209,58,0,66301,-1,74394,61888,57,1217,0.0467412771560237,18.15,20,0,0,4,14.320730436914026,114,2012-10-19,2021-02-02,12,https://github.com/apache/Crunch
Deltacloud,1942697.7177250981,2384,172,2010-07-29 23:31:00,83,24,0,2,True,-4,126,36,0,21353,-1,71819,65397,88,2586,0.034282064021577116,159.19,14,0,2,0,27.735445895823254,94,2010-07-29,2020-09-22,12,https://github.com/apache/Deltacloud
DirectMemory,1849309.6265779824,557,133,2011-10-15 07:00:08,69,27,0,1,True,-6,42,10,0,61126,-1,0,76108,10,642,0.008938303902332679,40.69,3,0,2,0,7.289701062667594,78,2011-10-15,2023-04-17,12,https://github.com/apache/DirectMemory
DistributedLog,1494305.4623906256,1144,443,2016-07-22 07:00:06,28,73,-33,1,True,-7,61,29,0,33602,75865,57734,25760,53,310,0.005411346918068826,43.83,40,1,6,10,5.70827425330467,136,2016-07-22,2023-04-17,12,https://github.com/apache/DistributedLog
DeltaSpike,7193572.719667012,3736,420,2013-06-04 07:00:12,29,130,0,2,False,-4,306,72,1148,68813,-1,30581,44057,63,2499,0.04525107045543013,84.11,37,0,0,7,2.821631051024858,141,2013-06-04,2023-05-10,12,https://github.com/apache/DeltaSpike
Derby,7327678.1212651245,21343,744,2011-06-19 07:00:34,102,138,0,4,False,-9,385,13,0,57229,-1,0,67715,117,8152,0.04950248756218906,95.1,0,22,53,170,10.741400427322358,901,2011-06-19,2023-05-19,12,https://github.com/apache/Derby
Drill,4192754.4094822877,57398,4573,2012-09-05 07:00:26,-29,945,13,8,False,6,1222,237,387,57544,41014,19100,12410,250,4375,0.08011226478201437,56.59,0,10,12,57,11.382147955327904,358,2012-09-05,2023-05-23,12,https://github.com/apache/Drill
CXF,5350733.288340371,13959,3014,2014-02-19 08:00:08,346,1380,21,2,False,-8,1768,234,573,26825,22704,82766,3314,965,36012,0.04012718226513969,118.25,0,1,19,77,13.055786411801371,270,2014-02-19,2023-05-29,12,https://github.com/apache/CXF
Eagle,1588072.006220073,4618,1010,2015-11-18 08:00:06,111,190,-84,3,True,-9,131,45,0,73060,-1,43340,62996,134,990,0.011411428250995346,29.28,42,1,0,9,15.598043574922187,246,2015-11-18,2020-11-20,12,https://github.com/apache/Eagle
Empire-db,12470583.921762895,779,179,2011-07-14 07:03:04,-2,27,1,1,False,0,53,14,0,5424,-1,38809,6314,142,1598,0.010586159576553617,6.37,35,8,2,6,13.308558005819865,140,2011-07-14,2023-05-22,12,https://github.com/apache/Empire-db
incubator-retired-Edgent,1980720.908269972,1966,562,2016-03-10 08:00:06,349,140,-124,2,False,-13,63,23,0,45049,-1,42710,30009,177,1228,0.00448715403248223,69.01,14,1,1,6,7.370239368265197,430,2016-03-10,2019-11-01,12,https://github.com/apache/incubator-retired-Edgent
Etch,11666261.171568867,469,43,2009-03-27 15:41:55,32,9,PRs missing,3,False,-3,Commits or Issues or PRs missing,6,0,PRs missing,PRs missing,PRs missing,PRs missing,216,455,0.0054585152838427945,92.36,36,1,3,5,11.387594119756185,213,2009-03-27,2015-05-18,12,https://github.com/apache/Etch
ESME,4435278.189178218,686,43,2010-05-26 23:38:08,303,11,1,2,True,-4,21,9,0,43731,-1,0,43731,90,2060,0.04081033470346448,12.3,5,0,0,0,14.701921899865345,98,2010-05-26,2023-04-18,12,https://github.com/apache/ESME
Falcon,1868437.627718405,12423,315,2013-07-20 07:00:14,80,117,0,6,False,-4,231,58,0,84705,-1,29985,28092,1258,1298,0.0368270169801216,63.42,39,2,4,21,12.862245365221828,327,2013-07-20,2019-07-25,12,https://github.com/apache/Falcon
CouchDB,17488680.689644292,26048,12425,2009-05-21 02:03:38,117,1039,126,2,False,8,1602,268,3859,10689,74697,14480,12566,546,16458,0.05688571498447015,55.19,7,0,15,1,16.37939050678389,111,2009-05-21,2023-05-27,12,https://github.com/apache/CouchDB
FtpServer,3646881.0218484183,399,209,2011-04-21 07:00:07,79,57,1,1,True,-2,104,2,0,75637,-1,0,45016,79,1084,0.029199960540593865,58.62,21,0,0,6,12.282972069448938,149,2011-04-21,2023-04-24,12,https://github.com/apache/FtpServer
FreeMarker,1747141.8697292819,909,1957,2015-09-04 07:00:05,93,247,-6,1,False,-1,197,36,0,20631,-1,2493,14208,479,3026,0.004749841671944269,73.69,3,13,7,26,8.664883671392394,264,2015-09-04,2023-05-20,12,https://github.com/apache/FreeMarker
incubator-retired-Gearpump,747920.0069191175,2026,693,2016-04-13 07:00:08,64,97,-55,3,False,-9,59,18,0,16223,-1,29214,40590,526,1761,0.00637085557898515,25.16,14,0,0,3,3.010179562235135,153,2016-04-13,2018-08-28,12,https://github.com/apache/incubator-retired-Gearpump
Giraph,1298573.5597413937,8018,1522,2011-08-28 07:00:33,50,302,2,4,True,-8,298,57,0,20927,-1,28236,39915,9,1165,0.020250723240115717,18.19,42,0,2,19,7.823909503213266,179,2011-08-28,2023-04-14,12,https://github.com/apache/Giraph
Hama,2016328.7287991385,5965,337,2010-08-25 07:00:06,71,75,1,2,False,-1,124,25,0,38707,-1,0,77305,553,1171,0.003947085927565193,13.52,30,0,2,4,10.131879279736241,170,2010-08-25,2020-02-11,12,https://github.com/apache/Hama
Harmony,1158840.38778382,1028,189,2010-05-26 23:38:08,364,37,PRs missing,1,False,-8,Commits or Issues or PRs missing,14,0,PRs missing,PRs missing,PRs missing,PRs missing,61,1389,0.07446035699460357,63.54,0,50,126,349,16.962352511435896,3730,2010-05-26,2011-10-30,12,https://github.com/apache/Harmony
Geronimo,5353122.073008941,19,92,2009-07-01 08:09:43,352,22,5,4,False,-9,32,25,0,34871,-1,0,34872,1082,15550,0.002156340654169422,24.98,0,4,10,60,19.009156786611573,350,2009-07-01,2023-04-17,12,https://github.com/apache/Geronimo
incubator-retired-HORN,1318969.9274137933,222,77,2015-09-18 07:00:05,17,17,-8,1,False,-3,22,6,0,15820,-1,4258,10730,20,20,0.058091286307053944,3.61,3,0,0,0,35.95406360424028,56,2015-09-18,2021-11-17,12,https://github.com/apache/incubator-retired-HORN
HCatalog,1505300.596588132,3988,169,2011-04-14 07:00:07,52,47,1,2,True,-3,93,9,0,-1,-1,-1,-1,593,113,0.10196394942157654,82.43,24,2,0,3,6.890167294848905,156,2011-04-14,2023-04-14,12,https://github.com/apache/HCatalog
incubator-retired-HTrace,950294.8571021509,1486,293,2015-04-22 07:00:05,52,81,0,2,True,-5,37,10,0,26428,-1,14685,44448,117,548,0.06681112314915132,24.41,41,1,6,4,49.915839988539915,285,2015-04-22,2018-04-11,12,https://github.com/apache/incubator-retired-HTrace
Helix,3831464.957144224,4539,1053,2014-01-13 08:00:06,85,207,74,6,False,5,211,86,1352,38996,73458,54003,29776,254,4719,0.015257641065830722,84.84,32,1,7,21,7.642750213857998,393,2014-01-13,2023-06-01,12,https://github.com/apache/Helix
Impala,6864444.1254755845,34394,2384,2016-04-13 07:00:08,77,464,0,16,False,6,855,172,0,59971,-1,59020,41131,1216,10730,0.030396876312497982,21.44,0,13,77,126,40.737250817778495,907,2016-04-13,2023-06-01,12,https://github.com/apache/Impala
incubator-retired-iota,510018.75186842104,229,99,2016-02-06 08:00:06,1,33,0,2,False,-1,26,11,0,4847,-1,53516,3863,37,155,0.0011597564511452595,76.0,2,0,0,0,15.654688145394465,43,2016-02-06,2020-05-20,12,https://github.com/apache/incubator-retired-iota
Isis,10178092.57520137,28326,1864,2012-11-30 08:00:24,-721,300,134,2,False,2,170,57,8032,63300,570,54642,27130,450,23842,0.0028122822347827047,10.42,37,1,41,13,7.144350955692817,616,2012-11-30,2023-06-02,12,https://github.com/apache/Isis
ant-ivy,10443274.708573185,950,234,2014-05-28 07:00:08,6,116,0,2,True,-2,204,26,0,69514,-1,49739,20072,1001,2386,0.07817511225144323,69.15,31,0,3,17,3.9669465405462856,174,2014-05-28,2023-06-17,12,https://github.com/apache/ant-ivy
Jackrabbit,2115730.915356426,63994,819,2009-05-21 01:43:24,612,205,0,3,False,-9,949,39,0,62185,-1,42437,79935,927,13695,0.1011803549319026,47.86,0,22,14,65,11.3925981053004,619,2009-05-21,2023-07-08,12,https://github.com/apache/Jackrabbit
db-jdo,4289662.386710456,219,44,2018-07-20 14:42:36,-13,10,0,1,False,4,25,10,131,39281,33596,36922,53073,194,1940,0.0038121502149403843,3.7,0,50,39,99,38.85691897054142,464,2018-07-20,2023-06-10,12,https://github.com/apache/db-jdo
jclouds,4734377.477020818,5993,438,2014-01-07 08:00:06,103,116,3,3,False,-19,657,210,489,13342,-1,84876,44411,538,12046,0.010529361445176874,79.02,12,4,1,16,11.570496417604913,210,2014-01-07,2023-05-10,12,https://github.com/apache/jclouds
Johnzon,3129026.355283184,1058,152,2014-09-11 07:00:06,48,66,6,2,False,0,131,35,0,74710,-1,67966,49838,78,939,0.060810810810810814,110.17,29,5,2,12,8.52731177802287,225,2014-09-11,2023-05-22,12,https://github.com/apache/Johnzon
Joshua,5767237.8681283165,611,267,2016-03-25 07:00:06,209,65,-24,3,True,-12,62,32,0,73973,-1,12057,79127,242,4139,0.0007553578025152863,11.1,25,5,8,22,20.812156280136577,429,2016-03-25,2021-11-13,12,https://github.com/apache/Joshua
JSPWiki,6843573.695720203,2940,280,2009-03-27 15:41:58,138,94,14,1,False,0,220,22,0,49187,-1,22149,80048,528,9610,0.006357866365256705,23.25,41,0,7,5,9.989461340933042,124,2009-03-27,2023-05-30,12,https://github.com/apache/JSPWiki
Juneau,17538999.42266667,523,184,2016-08-02 07:00:07,208,40,5,1,False,-7,53,20,1062,36029,-1,67522,34581,305,2825,0.00022971280430109878,63.77,0,13,11,35,24.591086078298158,403,2016-08-02,2023-06-01,12,https://github.com/apache/Juneau
Kalumet,1541798.81116,92,20,2011-11-06 07:00:10,40,6,2,2,True,-1,11,3,0,-1,-1,-1,-1,2,192,0.0017554125219426564,1.01,39,1,7,63,37.65421472427842,547,2011-11-06,2023-04-14,12,https://github.com/apache/Kalumet
Knox,3960454.214870292,10713,565,2014-03-01 08:00:06,68,235,2,4,False,0,412,90,463,16477,57911,14728,54166,90,3083,0.0562722909603276,76.56,44,1,6,6,31.015159408872,305,2014-03-01,2023-05-31,12,https://github.com/apache/Knox
Kudu,9235713.623403035,7543,4048,2016-01-29 08:00:06,268,634,5,4,False,-7,518,167,0,68014,-1,15591,76625,1760,9413,0.021774045239992643,21.63,0,5,58,88,8.179514773392908,317,2016-01-29,2023-06-01,12,https://github.com/apache/Kudu
Geode,3974051.98329853,57677,5095,2015-04-30 07:00:05,65,679,-7,3,False,-22,590,253,571,53990,49320,53925,6269,1807,11478,0.024234364854166853,22.39,0,8,73,179,16.54115275848678,1599,2015-04-30,2023-06-18,12,https://github.com/apache/Geode
logging-log4php,9917073.167291267,169,281,2012-12-08 08:00:18,33,79,-1,2,True,-3,72,15,5,38035,-1,5038,83148,3,1044,0.02599388379204893,74.94,9,0,0,1,1.276897611728541,85,2012-12-08,2020-12-18,12,https://github.com/apache/logging-log4php
Lucy,3056614.7383840824,480,220,2011-11-19 08:00:16,226,26,0,2,False,-4,37,11,0,48132,-1,20551,48161,24,3417,0.006492266564827191,19.95,14,14,8,25,9.83782815159932,512,2011-11-19,2018-03-15,12,https://github.com/apache/Lucy
Lens,1869857.867993928,9166,218,2014-11-12 08:00:06,156,100,-5,3,False,-15,165,82,0,9843,-1,21413,35949,100,2370,0.03259259259259259,68.34,36,3,5,12,4.490207526139802,185,2014-11-12,2020-06-15,12,https://github.com/apache/Lens
MRUnit,1853120.4706450012,1148,103,2011-03-26 07:00:07,24,27,0,2,True,-1,95,15,0,-1,-1,-1,-1,53,282,0.06936416184971098,143.51,1,0,0,0,21.055959532089787,90,2011-03-26,2016-05-12,12,https://github.com/apache/MRUnit
Lenya,Issues missing,Issues missing,45,2011-12-26 08:00:11,6,9,1,2,True,-2,Commits or Issues or PRs missing,4,0,2091,-1,0,2091,344,12522,Issues missing,8.72,26,0,0,2,27.470004443786106,248,2011-12-26,2023-04-17,12,https://github.com/apache/Lenya
commons-ognl,5530371.727073299,118,199,2013-07-10 07:00:15,-51,43,8,1,False,4,36,10,3,51858,-1,69154,86013,22,885,0.09743589743589744,45.8,33,1,1,8,5.773593466424682,160,2013-07-10,2023-05-25,12,https://github.com/apache/commons-ognl
incubator-Omid,2893201.5451625613,1239,210,2016-04-14 07:00:06,163,54,0,2,False,-8,69,27,5,53800,-1,56780,18547,64,1410,0.01509433962264151,111.48,6,0,0,0,3.3976655495203976,65,2016-04-14,2023-06-15,12,https://github.com/apache/incubator-Omid
Onami,798863.0274423077,0,25,2019-01-25 13:52:00,0,3,PRs missing,1,False,0,Commits or Issues or PRs missing,0,0,PRs missing,PRs missing,PRs missing,PRs missing,6,1506,0.019476567255021303,108.46,6,0,0,2,5.4950577986262354,115,2019-01-25,2015-10-06,12,https://github.com/apache/Onami
Ode,7633592.074445862,2333,152,2009-05-21 02:41:15,110,64,0,3,True,-7,163,22,0,80772,-1,0,61799,86,5571,0.03010295950874925,40.2,16,3,9,26,18.099303654748905,307,2009-05-21,2020-01-14,12,https://github.com/apache/Ode
Oozie,6501156.02723561,27552,1827,2011-09-14 07:00:10,54,475,2,3,False,-1,701,41,0,57898,-1,67413,74623,2628,550,0.0698857994041708,91.72,33,3,7,35,13.170370741985652,381,2011-09-14,2023-04-20,12,https://github.com/apache/Oozie
Lucene.NET,7379545.734388446,5216,4619,2009-03-27 15:41:57,-2,627,43,1,False,1,320,90,4848,29857,78069,31660,11618,694,7709,0.004782745501873623,54.48,0,32,40,195,14.782500204356449,1929,2009-03-27,2023-05-17,12,https://github.com/apache/Lucene.NET
Openmeetings,1515133.3272727274,249,1413,2015-03-13 07:00:05,-36,255,2,1,False,2,41,22,0,83636,-1,17786,26453,115,5843,1.2086490929088557e-05,6.61,43,0,3,16,23.972759647624798,303,2015-03-13,2023-05-24,12,https://github.com/apache/Openmeetings
OpenEJB,12168864.498799697,660,51,2013-01-23 08:00:17,-1,27,11,2,False,1,71,0,0,17354,-1,0,17355,900,23326,0.005834795530294762,45.72,0,21,15,148,23.816161793923,343,2013-01-23,2023-04-18,12,https://github.com/apache/OpenEJB
OpenWebBeans,6652053.028015654,3316,168,2011-01-28 08:00:11,121,58,2,2,False,0,185,28,78,38562,-1,21679,60190,115,4278,0.03379591836734694,82.88,44,0,5,9,5.595082726392456,150,2011-01-28,2023-05-21,12,https://github.com/apache/OpenWebBeans
OpenJPA,5800253.009014613,7805,343,2009-05-21 01:13:25,423,113,0,4,False,-8,647,43,0,63364,359,59492,17401,272,7224,0.04860500025881257,75.74,0,19,46,50,13.06292109169807,511,2009-05-21,2023-06-09,12,https://github.com/apache/OpenJPA
PhotArk,1275150.7811744187,208,26,2010-08-12 03:32:41,39,6,1,1,True,-3,17,5,0,21040,-1,0,21040,3,411,0.011805998723675814,5.97,9,0,0,0,12.169826608329283,84,2010-08-12,2023-02-22,12,https://github.com/apache/PhotArk
Pig,3172178.294230457,5347,1773,2009-05-21 01:10:43,138,459,3,4,True,-5,170,41,0,53004,-1,5364,4913,4627,1660,0.008740992314893432,74.65,0,11,18,64,15.19396460071615,495,2009-05-21,2023-05-19,12,https://github.com/apache/Pig
Pluto,10419532.48007692,618,21,2009-05-21 01:09:18,-1,9,2,3,True,1,61,5,0,17653,-1,0,17654,54,2243,0.03271617227420532,17.17,17,0,0,4,13.57196589769308,134,2009-05-21,2023-04-17,12,https://github.com/apache/Pluto
Pivot,3156522.065824766,2023,99,2011-08-18 07:00:12,67,29,PRs missing,3,False,-7,Commits or Issues or PRs missing,9,0,PRs missing,PRs missing,PRs missing,PRs missing,46,5119,0.00825102829979557,9.34,13,3,15,38,17.68072791673618,346,2011-08-18,2022-08-10,12,https://github.com/apache/Pivot
incubator-retired-Provisionr,2026989.1019736845,87,19,2013-06-12 07:00:18,0,9,PRs missing,1,False,0,Commits or Issues or PRs missing,0,0,PRs missing,PRs missing,PRs missing,PRs missing,26,325,0.0037344398340248964,51.75,2,0,0,0,4.443282801881861,54,2013-06-12,2013-11-25,12,https://github.com/apache/incubator-retired-Provisionr
incubator-retired-Quickstep,2337116.0478026313,1007,242,2016-04-14 07:00:07,271,62,-51,1,False,-26,63,39,0,74708,-1,11347,81980,619,781,0.0023319730157408177,34.42,12,1,9,46,18.41480778357855,405,2016-04-14,2018-11-30,12,https://github.com/apache/incubator-retired-Quickstep
PDFBox,12208080.815552313,49405,4763,2009-09-26 08:00:19,-60,743,2,3,False,0,2157,13,0,12732,-1,34297,24927,274,17979,0.03971932471193068,18.69,22,2,15,51,18.055870997047467,339,2009-09-26,2023-07-02,12,https://github.com/apache/PDFBox
Rave,2451691.2257217956,326,43,2014-03-19 07:00:06,4,13,0,3,False,-2,16,6,0,63923,-1,7140,68270,41,1730,0.045754956786985254,62.78,19,2,1,1,15.676303134155106,60,2014-03-19,2017-05-05,12,https://github.com/apache/Rave
openoffice,12172149.402555559,234,1797,2013-11-13 08:00:13,452,281,2,2,False,-16,98,65,3275,9873,53896,33,56717,441,16157,2.7628456204752646e-06,5.69,0,50,157,570,18.99917754843857,1601,2013-11-13,2023-06-01,12,https://github.com/apache/openoffice
Roller,31519917.800408058,2324,349,2009-05-21 02:42:21,21,119,2,2,False,0,115,30,199,28476,30,70034,63493,319,4803,0.004516492997942523,11.42,36,2,0,16,13.687810805337413,304,2009-05-21,2023-04-26,12,https://github.com/apache/Roller
incubator-S2Graph,893649.1321401881,1164,604,2016-01-08 08:00:06,38,68,-43,1,False,-4,42,16,0,49107,-1,48604,65006,165,1527,0.0031858161922570815,23.31,35,0,0,5,14.618882535680518,147,2016-01-08,2020-05-28,12,https://github.com/apache/incubator-S2Graph
incubator-retired-S4,3399857.8829481476,595,100,2012-01-13 08:00:11,35,18,-2,1,False,-3,54,11,0,-1,-1,-1,49954,163,542,0.0026980439181593344,42.98,2,0,0,0,5.2032201060278815,73,2012-01-13,2022-11-07,12,https://github.com/apache/incubator-retired-S4
Sanselan,Issues missing,Issues missing,91,2009-05-21 01:48:24,19,17,1,1,True,-3,Commits or Issues or PRs missing,7,0,-1,-1,-1,66727,37,291,Issues missing,15.57,31,0,0,19,10.477158153894251,194,2009-05-21,2023-04-14,12,https://github.com/apache/Sanselan
Sentry,2891828.7415288896,8625,323,2016-03-26 07:00:07,93,89,0,7,False,-10,162,26,0,5189,-1,0,31901,55,1694,0.10043420804228809,113.42,41,1,3,5,25.590229972974353,158,2016-03-26,2021-01-20,12,https://github.com/apache/Sentry
ServiceMix,9539576.892152525,6137,451,2014-03-28 07:00:07,134,159,-16,2,True,-6,247,21,18,30841,-1,5677,9395,33,939,0.25401010766864424,21.12,0,0,1,0,30.49464558898521,32,2014-03-28,2023-07-02,12,https://github.com/apache/ServiceMix
Ranger,2793392.8088539923,13258,2334,2014-07-27 07:00:08,52,828,13,7,False,16,863,162,2,79742,21477,41315,52903,211,5842,0.02533570500354829,13.98,0,26,57,140,27.326019183808473,454,2014-07-27,2023-07-06,12,https://github.com/apache/Ranger
Phoenix,2467031.696921266,45734,2952,2014-06-04 07:00:08,347,986,0,4,False,-2,1085,207,1365,70199,83685,25425,27696,157,14211,0.04305345936929065,17.27,0,14,52,194,19.21583250359992,1104,2014-06-04,2023-06-02,12,https://github.com/apache/Phoenix
OFBiz,5252098.81290145,51075,2074,2009-05-20 01:47:56,1372,566,0,3,False,-17,896,43,0,2001,-1,135,69591,232,31770,0.005044068404018232,2.34,0,48,105,243,17.533314811798856,753,2009-05-20,2022-01-10,12,https://github.com/apache/OFBiz
Sirona,137932.09630188678,199,270,2013-10-24 07:00:14,215,54,2,1,True,-3,21,7,0,12452,-1,0,13356,82,826,0.0040941658137154556,15.41,33,1,6,7,3.6090089546838726,154,2013-10-24,2023-05-22,12,https://github.com/apache/Sirona
incubator-retired-Slider,1102097.0148664808,5838,230,2014-05-22 07:00:07,340,76,1,1,False,-5,113,15,0,-1,-1,-1,4634,205,2508,0.0381253035454104,58.08,37,1,7,13,10.035027765912004,260,2014-05-22,2018-07-30,12,https://github.com/apache/incubator-retired-Slider
Qpid,7851327.313252764,30586,338,2009-05-21 03:17:04,1195,86,0,1,True,-17,579,46,0,76379,-1,1525,26908,2838,35301,0.0238118496397289,76.21,24,2,2,12,7.471264367816092,244,2009-05-21,2023-07-07,12,https://github.com/apache/Qpid
SIS,26011868.239548743,989,210,2013-06-11 07:00:15,247,44,0,1,False,1,73,18,0,82511,1703,19917,4324,318,8159,0.0013768808067777267,33.72,0,12,6,55,3.2611152550801292,330,2013-06-11,2023-06-13,12,https://github.com/apache/SIS
stdcxx,6043082.293008385,190,141,2009-03-27 15:41:56,23,27,PRs missing,1,False,-2,Commits or Issues or PRs missing,5,0,PRs missing,PRs missing,PRs missing,PRs missing,39,2914,0.050818598559266535,85.06,36,3,10,16,15.275858512942147,356,2009-03-27,2013-06-13,12,https://github.com/apache/stdcxx
Sqoop,3420640.9166456223,18961,2464,2011-08-04 07:00:07,50,590,0,4,True,-5,823,46,119,23340,-1,73615,75587,309,1977,0.08361275214221087,97.11,30,0,6,16,10.565992220245453,191,2011-08-04,2021-07-05,12,https://github.com/apache/Sqoop
Stanbol,3390509.830874685,4168,299,2010-12-11 08:00:07,281,75,4,4,True,-12,168,24,0,5162,-1,51349,6938,681,6283,0.006625616650462713,27.71,0,10,6,55,21.435558620247278,403,2010-12-11,2023-04-14,12,https://github.com/apache/Stanbol
Streams,12481677.494333964,2638,193,2014-03-18 07:00:06,215,47,-36,1,False,-7,55,30,859,5670,68363,34325,81634,225,1778,0.0011888437818741852,27.54,35,0,2,1,32.0151723024776,112,2014-03-18,2023-04-15,12,https://github.com/apache/Streams
Stratos,2242744.1498368895,2413,432,2014-06-03 07:00:07,181,118,-16,5,False,-23,141,67,0,60896,-1,58614,73520,524,9120,0.011395504117516136,4.07,0,3,37,107,61.64469693279786,438,2014-06-03,2018-07-29,12,https://github.com/apache/Stratos
Synapse,3635608.035487715,2484,157,2009-05-21 01:01:59,346,53,7,4,False,-9,185,43,117,3589,-1,49025,72395,347,13258,0.01423833738669025,18.62,0,8,1,44,12.55453081540038,297,2009-05-21,2023-05-14,12,https://github.com/apache/Synapse
Tajo,1999797.9251477828,14272,376,2014-03-21 07:00:07,229,112,-37,1,True,-5,98,36,1019,61572,0,51258,5507,625,2306,0.027391460117903787,31.22,0,19,17,50,10.729253981559095,427,2014-03-21,2021-03-18,12,https://github.com/apache/Tajo
Tashi,17145295.379666667,13,30,2012-07-11 07:00:13,65,10,0,2,False,-1,7,2,0,31800,-1,0,-1,6,557,0.010778443113772455,0.0,3,1,0,2,12.309175638759442,594,2012-07-11,2014-01-20,12,https://github.com/apache/Tashi
incubator-Tephra,3459915.717818583,1053,117,2016-06-02 07:00:07,24,51,1,5,True,-3,59,24,0,29666,-1,18411,4585,21,488,0.021598670851024553,85.32,32,1,2,1,60.61860691670726,120,2016-06-02,2023-04-17,12,https://github.com/apache/incubator-Tephra
SpamAssassin,Issues missing,Issues missing,550,2009-05-20 01:47:48,387,64,0,4,False,-2,Commits or Issues or PRs missing,17,0,40586,-1,15172,66337,403,39550,Issues missing,0.09,0,13,14,81,16.64227880206809,1556,2009-05-20,2023-06-01,12,https://github.com/apache/SpamAssassin
incubator-retired-Tamaya,4928680.0959913805,2384,123,2014-11-21 08:00:09,373,35,-5,1,False,-10,59,21,0,53970,3294,26590,31226,44,1589,0.012712975098296199,114.62,4,0,0,0,11.222407716564645,64,2014-11-21,2020-11-29,12,https://github.com/apache/incubator-retired-Tamaya
Tez,3482606.1560480352,31354,1241,2013-04-08 07:20:23,157,393,0,3,False,-1,532,88,163,53073,-1,72447,16741,2388,1816,0.08212381016674543,74.49,32,2,15,27,11.217488260394108,331,2013-04-08,2023-07-04,12,https://github.com/apache/Tez
Solr,5710092.868682934,13154,1977,2021-02-23 00:12:42,-66,485,-131,12,False,-7,580,99,11512,15373,85289,81598,10113,25329,43266,0.015771904832776986,67.86,0,13,47,168,16.774976034235294,675,2021-02-23,2023-07-07,12,https://github.com/apache/Solr
myfaces-trinidad,3509566.0565843736,37,18,2017-08-18 08:18:09,12,10,1,2,True,-2,15,4,1,67073,-1,1135,48502,189,5811,0.06274220335855324,315.72,13,2,35,67,20.939115131531235,334,2017-08-18,2022-08-01,12,https://github.com/apache/myfaces-trinidad
myfaces-tobago,21990141.53169619,1364,57,2017-08-18 08:17:41,-93,25,52,1,False,0,48,17,0,76450,32606,1023,39169,346,15975,0.009558733420687965,24.71,34,6,5,13,11.290902553038475,214,2017-08-18,2023-07-05,12,https://github.com/apache/myfaces-tobago
VCL,20357065.423766002,256,42,2017-10-17 07:00:08,1,20,0,2,True,-1,18,9,0,60672,-1,0,29809,14,2814,0.05106289721674337,0.0,22,4,19,53,20.12843191176252,380,2017-10-17,2021-09-14,12,https://github.com/apache/VCL
VXQuery,14976894.828093171,397,72,2015-03-17 07:00:06,42,32,-5,3,True,-5,34,13,0,40143,-1,68079,79696,111,1659,0.010792778649921507,39.18,16,9,2,26,24.185124286681496,355,2015-03-17,2021-02-05,12,https://github.com/apache/VXQuery
incubator-warble-server,Issues missing,Issues missing,4,2018-06-14 13:38:07,0,2,PRs missing,1,False,0,Commits or Issues or PRs missing,0,0,PRs missing,PRs missing,PRs missing,PRs missing,4,80,Issues missing,0.0,8,0,2,1,14.113740141137402,129,2018-06-14,2018-07-01,12,https://github.com/apache/incubator-warble-server
incubator-retired-Wave,5806070.629273417,316,498,2013-12-17 08:00:14,38,90,-1,1,False,-6,46,20,0,72017,-1,46472,70961,89,1065,0.0017048343519137014,38.81,37,2,7,13,5.090168432213242,397,2013-12-17,2018-02-23,12,https://github.com/apache/incubator-retired-Wave
Unomi,49332886.46652315,1777,579,2015-11-24 08:00:05,4,121,26,4,False,4,161,53,415,85868,35732,61236,82988,245,2751,0.014996250937265684,19.46,40,0,3,7,5.274659779477501,159,2015-11-24,2023-06-14,12,https://github.com/apache/Unomi
Whirr,2167756.2674780684,5013,249,2010-08-12 03:32:41,53,59,0,2,True,-2,184,16,0,18383,-1,3420,38749,551,237,0.02645930115128257,66.94,3,0,0,0,11.487964989059082,66,2010-08-12,2015-04-23,12,https://github.com/apache/Whirr
Wink,1860546.8630287203,1593,63,2009-07-10 08:00:18,303,23,4,2,True,-7,119,14,0,64099,-1,13474,56775,43,922,0.01772313587737506,99.24,37,3,0,9,19.619374876098593,338,2009-07-10,2023-04-14,12,https://github.com/apache/Wink
Wookie,4112984.4849207927,46,22,2014-02-03 08:00:07,153,8,3,1,True,-1,7,2,0,51272,-1,0,51273,217,1838,0.0020582831360327464,23.02,38,0,6,7,31.58993306302632,125,2014-02-03,2023-04-14,12,https://github.com/apache/Wookie
XMLBeans,21639629.294130854,913,141,2009-08-06 08:06:50,-12,53,1,2,False,-1,191,9,0,84786,-1,13833,22479,211,1887,0.006789862085652069,141.68,0,16,20,55,9.50915168967001,434,2009-08-06,2023-06-12,12,https://github.com/apache/XMLBeans
Usergrid,6037019.775566318,2875,2420,2013-11-05 08:00:14,378,434,-10,3,True,-18,176,90,0,11983,0,35614,67503,950,10237,0.0009127609192284823,31.89,32,1,24,45,34.117849640114336,184,2013-11-05,2021-10-11,12,https://github.com/apache/Usergrid
ZetaComponents,2735096.7958599995,140,103,2011-03-06 08:00:07,9,15,0,1,False,-2,39,4,0,35688,-1,5013,56099,1334,6522,0.000196336149302734,147.84,11,2,17,55,29.035284446787408,260,2011-03-06,2020-12-03,12,https://github.com/apache/ZetaComponents
Subversion,5718451.961394156,8167,1201,2009-12-31 09:00:10,893,167,0,8,False,-22,289,64,0,85,-1,39458,85461,1628,80323,0.015270894424718238,35.2,22,4,122,24,16.803780023625148,289,2009-12-31,2023-05-31,12,https://github.com/apache/Subversion
Wicket,2088415.405652098,26373,1749,2009-05-21 01:51:51,40,373,1,5,False,7,1655,139,2809,27024,83,47632,21890,406,33504,0.03287875957407062,71.75,38,1,8,16,4.202775073028238,203,2009-05-21,2023-06-16,12,https://github.com/apache/Wicket
Spark,455249762.2437657,181981,98816,2014-02-25 08:00:08,-223,26996,-432,2,False,38,12175,2527,0,345,-1,7158,24334,6366,46482,0.034318108398203435,121.59,0,30,64,145,10.331067237846899,528,2014-02-25,2023-07-06,12,https://github.com/apache/Spark
Any23,13348221.226230945,2272,246,2012-06-04 07:00:25,147,60,6,2,False,-3,123,38,231,81796,73794,34349,11696,168,1952,0.004649651276154288,83.04,24,1,1,2,3.243721433135106,159,2012-06-04,2023-05-24,12,https://github.com/apache/Any23
Apex-core,1396136.5372975792,3937,884,2015-08-25 07:00:05,262,184,-168,3,True,-25,160,69,3,14084,12149,39660,80363,318,5979,0.018842439386776523,49.36,29,5,8,25,7.6053967967787495,533,2015-08-25,2021-04-09,12,https://github.com/apache/Apex-core
Atlas,4158983.479279016,9391,3908,2017-07-22 07:00:08,270,786,-1,4,False,-10,597,147,248,8742,-1,35938,32839,965,5186,0.04326429239425391,24.76,0,9,19,45,47.00802276797762,316,2017-07-22,2023-05-17,12,https://github.com/apache/Atlas
Bigtop,2162468.8394475128,23269,1457,2011-08-04 16:09:56,169,459,5,6,False,4,711,219,663,41435,5758,60410,33827,398,3619,0.04092846609159411,93.43,28,5,3,18,19.631948339371522,335,2011-08-04,2023-05-22,12,https://github.com/apache/Bigtop
incubator-retired-cmda,811719.8195,0,6,2019-01-25 14:12:13,0,4,PRs missing,1,False,0,Commits or Issues or PRs missing,0,0,PRs missing,PRs missing,PRs missing,PRs missing,8,194,4.965325477085023e-05,3.6,0,11,11,20,83.8036014166237,696,2019-01-25,2016-10-06,12,https://github.com/apache/incubator-retired-cmda
Celix,7738779.403272217,1024,356,2014-08-09 07:00:07,-216,78,14,2,False,6,68,35,529,3557,47614,58955,7540,1440,2143,0.017193336100077075,9.57,27,1,8,25,12.121936791229814,194,2014-08-09,2023-05-24,12,https://github.com/apache/Celix
incubator-CommonsRDF,3116378.3989677425,816,107,2015-03-19 07:00:05,141,41,-11,1,False,-2,51,20,0,62978,-1,77542,32846,224,1260,0.006564551422319475,69.86,2,0,0,0,5.129650507328072,91,2015-03-19,2023-05-26,12,https://github.com/apache/incubator-CommonsRDF
DataSketches,5524025.4081,49,144,2019-05-08 19:29:09,7,10,1,1,True,-1,15,1,0,-1,-1,-1,376,509,112,3.560112499554986e-05,0.0,0,0,0,0,0.0,0,2019-05-08,2023-01-24,12,https://github.com/apache/DataSketches
Daffodil,19281900.17092821,4535,237,2017-08-29 07:00:10,-81,69,35,3,False,6,100,40,0,63893,48250,37380,32303,147,3735,0.008829577968526466,74.32,35,3,12,10,9.419946262051525,682,2017-08-29,2023-05-27,12,https://github.com/apache/Daffodil
Curator,6443911.003297596,3861,7122,2014-03-03 08:00:07,57,1210,-6,2,False,0,538,128,1075,79084,3771,6178,571,297,2726,0.037317049529902106,91.94,13,0,1,0,7.614466862389905,99,2014-03-03,2023-05-23,12,https://github.com/apache/Curator
ECharts,6195594.72215284,63718,130120,2013-04-03 03:18:59,-24,19478,-5,2,False,15,4526,237,3217,81107,50416,24520,55864,348,9014,0.014282575258185014,140.7,32,1,4,78,13.939494595906687,211,2013-04-03,2023-06-01,12,https://github.com/apache/ECharts
Flume,11720218.29624296,16059,6412,2011-08-12 18:20:14,214,1570,4,4,False,2,1103,94,178,1796,-1,61857,79841,37,2792,0.03759481633826489,102.52,46,0,1,8,8.564505934405506,185,2011-08-12,2023-05-29,12,https://github.com/apache/Flume
Fluo,8056326.837037037,1460,438,2013-06-19 20:14:05,61,78,0,2,False,2,42,34,86,22892,41118,43882,42301,203,881,0.013783903957314362,52.38,15,0,2,2,17.636709128017454,140,2013-06-19,2023-04-10,12,https://github.com/apache/Fluo
Felix,3762452.1689704056,21066,889,2009-05-20 02:00:07,1110,327,0,2,False,-15,1230,48,0,20498,-1,53855,26598,2303,35027,0.03781825708962948,0.0,0,0,0,0,NaN,0,2009-05-20,2023-05-30,12,https://github.com/apache/Felix
Griffin,3503511.7122417563,1139,2664,2017-02-15 08:00:06,41,590,-17,5,False,-5,213,78,545,84307,49903,41911,68123,234,860,0.004129023150762281,25.33,5,0,1,1,19.287151480310435,102,2017-02-15,2023-05-23,12,https://github.com/apache/Griffin
HAWQ,1500340.8587483051,8740,1709,2015-09-05 07:00:05,142,329,-141,1,False,-26,310,114,94,67859,17846,23629,58494,211,2720,0.005017317130554203,16.9,0,31,199,227,16.586358342570897,651,2015-09-05,2023-02-04,12,https://github.com/apache/HAWQ
Groovy,10377773.150939537,14860,11548,2015-04-16 07:00:05,133,1816,-48,4,False,-24,1394,305,9628,20196,-1,45164,2070,748,36188,0.033530089598570186,86.97,0,9,28,38,6.2783011721665165,340,2015-04-16,2023-05-30,12,https://github.com/apache/Groovy
Cassandra,3169511.3339063157,146382,19387,2009-05-21 02:10:09,37,3395,163,10,False,34,4810,539,652,22079,79959,31229,12245,15151,14549,0.02532155149856082,82.17,12,4,31,43,5.226454199510736,418,2009-05-21,2023-05-27,12,https://github.com/apache/Cassandra
Jena,3102441.0348856077,15325,2533,2013-01-04 08:00:32,183,619,18,1,False,6,570,114,42,83666,67535,47724,61917,1270,23076,0.002791509702596851,39.66,0,50,79,95,38.99566912891235,2861,2013-01-04,2023-06-01,12,https://github.com/apache/Jena
Kylin,3624899.947439059,26693,8521,2015-01-03 08:00:05,1044,1527,8,8,False,14,1324,334,3360,71261,24924,39162,39298,1312,10975,0.005209170897562544,15.91,28,2,8,22,10.69002650762094,289,2015-01-03,2023-05-15,12,https://github.com/apache/Kylin
logging-log4cxx,443668.0,54,545,2017-04-09 07:00:07,18,111,12,2,False,1,40,25,0,48296,-1,36775,28236,273,2190,0.0,41.15,24,1,1,5,5.207735018188781,263,2017-04-09,2023-05-21,12,https://github.com/apache/logging-log4cxx
incubator-retired-MRQL,346658.7300294118,165,50,2015-04-18 07:00:05,6,16,-5,1,True,-2,14,3,0,70806,-1,1907,78568,5,164,0.029641185647425898,11.46,16,0,0,3,16.78808307056649,140,2015-04-18,2017-08-22,12,https://github.com/apache/incubator-retired-MRQL
Nuvem,171898.90657142855,82,8,2010-08-12 03:32:41,27,4,2,2,True,-4,14,5,0,-1,-1,-1,-1,0,141,0.009828009828009828,24.59,8,0,0,0,24.067333939945406,37,2010-08-12,2023-04-14,12,https://github.com/apache/Nuvem
ManifoldCF,1538910.959460485,9240,214,2012-06-22 07:00:16,177,66,1,1,False,-4,249,16,0,64301,-1,1473,59156,1869,4510,0.0054820966743161035,8.04,0,41,48,219,35.801816191287145,817,2012-06-22,2023-05-29,12,https://github.com/apache/ManifoldCF
MyFaces,11756310.285152895,1612,271,2018-05-08 11:41:08,-28,67,1,2,False,2,128,36,1750,80542,50173,35355,50227,129,7894,0.03668610301263363,51.27,0,2,16,95,19.77668698419548,302,2018-05-08,2023-06-16,12,https://github.com/apache/MyFaces
creadur-rat,8192880.848571426,1347,65,2012-10-11 07:00:29,-4,33,2,2,False,2,117,16,0,72131,29796,47517,69979,191,1961,0.026026237833262803,76.56,4,0,0,1,1.7568101065929727,72,2012-10-11,2023-06-19,12,https://github.com/apache/creadur-rat
Rya,5349451.658825396,3444,292,2015-10-06 07:00:05,19,76,-9,5,True,-4,105,45,0,73688,-1,55387,43869,56,441,0.019549559849091118,69.83,34,1,1,13,14.092442701148471,251,2015-10-06,2023-04-16,12,https://github.com/apache/Rya
incubator-SAMOA,3646513.6635942035,609,594,2015-01-27 08:00:05,28,110,-19,1,True,-4,63,25,0,25716,-1,54974,12867,23,134,0.00611974859411181,9.25,34,0,1,3,15.03793352601156,118,2015-01-27,2023-04-16,12,https://github.com/apache/incubator-SAMOA
PLC4X,844333.4666666667,326,1953,2017-12-20 08:00:09,167,321,71,2,False,6,116,78,3600,26272,35784,43800,3040,305,7272,0.0005710106889193873,19.78,0,50,45,345,17.542163034506547,5637,2017-12-20,2023-06-02,12,https://github.com/apache/PLC4X
Shindig,2131112.2827931223,4331,204,2009-05-21 08:41:05,280,68,1,4,True,-11,306,34,0,46896,-1,32,77022,150,5223,0.053649407361197755,60.89,33,0,1,8,28.03985044138903,121,2009-05-21,2023-04-14,12,https://github.com/apache/Shindig
SINGA,1447566.0897435897,488,6656,2015-04-02 07:00:05,69,986,-11,6,False,2,109,84,59,80268,-1,71793,10640,508,2084,0.0,49.9,40,0,10,6,14.922139080692226,114,2015-04-02,2023-05-31,12,https://github.com/apache/SINGA
Syncope,4491365.598534142,7421,579,2014-10-23 07:00:10,1,163,20,1,False,3,177,47,367,27559,-1,11746,57729,37,12586,0.012798096766796606,20.95,12,5,2,68,17.664016529040996,459,2014-10-23,2023-07-06,12,https://github.com/apache/Syncope
Tika,2609499.194694863,25115,4166,2009-05-21 02:12:11,-254,702,13,1,False,5,1669,156,2527,41851,504,74259,60365,1488,7559,0.007736693013544443,46.08,0,6,9,26,11.034783440912813,301,2009-05-21,2023-07-05,12,https://github.com/apache/Tika
Sling,2635763.7410744173,41850,702,2009-03-27 15:41:54,1350,264,0,1,False,-6,804,54,0,67471,1066,58810,81086,3266,46606,0.05208357542938155,0.0,0,0,0,0,NaN,0,2009-03-27,2023-07-07,12,https://github.com/apache/Sling
Twill,4559486.354592591,940,202,2016-07-29 07:00:06,29,72,-7,1,False,-5,47,16,0,11409,-1,4155,25856,50,345,0.008817939946788294,35.73,4,0,0,0,1.7449995884434932,85,2016-07-29,2020-03-15,12,https://github.com/apache/Twill
Zipkin,5405578.9130434785,7332,35538,2012-06-06 18:26:16,210,3064,-97,1,False,-1,479,199,328,47998,50530,42563,14481,732,4031,0.002957373036916174,83.15,34,0,0,1,6.132627835364532,141,2012-06-06,2023-06-19,12,https://github.com/apache/Zipkin
Trafodion,5147353.154423019,13197,658,2015-05-27 07:00:05,364,162,-60,1,True,-58,305,186,205,899,-1,11933,74216,889,6423,0.02631017004394394,5.26,0,50,373,1187,28.4654536993564,4510,2015-05-27,2021-05-05,12,https://github.com/apache/Trafodion
incubator-retired-Concerted,217262.16511764706,55,28,2015-10-23 07:00:05,0,6,0,2,False,0,9,0,0,4344,-1,524,47918,17,24,0.05303030303030303,45.94,0,0,0,0,19.05805038335159,46,2015-10-23,2015-11-11,12,https://github.com/apache/incubator-retired-Concerted
DataFu,14155367.664884616,1078,275,2014-01-14 08:00:07,22,65,1,1,False,-6,98,33,0,9082,404,70324,13422,136,516,0.0013179571663920922,64.21,17,0,0,6,20.61705989110708,181,2014-01-14,2023-04-12,12,https://github.com/apache/DataFu
Cayenne,6469149.897002547,4217,701,2009-05-21 01:05:37,-54,127,10,1,False,1,288,63,0,80699,59764,32204,76001,2019,6387,0.015230478438056529,67.83,0,7,5,27,11.993055436771975,1258,2009-05-21,2023-05-23,12,https://github.com/apache/Cayenne
ActiveMQ,12153225.602677926,26585,5673,2009-05-21 01:33:45,76,1377,25,4,False,-3,2818,160,1180,20059,59265,76315,74747,220,13769,0.08365180467091295,106.73,17,4,12,41,28.33157768888257,235,2009-05-21,2023-05-22,12,https://github.com/apache/ActiveMQ
Gora,8533466.21479239,2707,337,2014-05-19 07:00:07,50,117,8,5,False,-7,163,55,146,32335,64072,31982,48323,386,1223,0.01793986355596732,32.45,33,0,0,5,14.398746572659617,185,2014-05-19,2023-04-20,12,https://github.com/apache/Gora
Fineract,9456660.515387656,6642,3134,2015-12-22 08:00:06,-64,1252,17,10,False,6,482,147,564,66019,27157,50058,31848,537,6830,0.013996060368192656,21.47,0,8,25,94,19.404185082931686,491,2015-12-22,2023-05-30,12,https://github.com/apache/Fineract
Marmotta,3973982.483487847,1615,161,2014-01-22 08:00:07,318,55,-1,2,False,-6,97,26,0,72643,-1,270,47530,220,2211,0.013849514337500582,19.08,29,1,2,17,17.31584083805853,193,2014-01-22,2021-02-23,12,https://github.com/apache/Marmotta
logging-log4net,26779525.880734753,841,1782,2017-04-26 07:00:06,260,308,-11,2,False,-3,183,17,114,50926,-1,5814,27388,126,2285,0.0652377972465582,18.34,19,0,4,7,11.468562541657409,207,2017-04-26,2023-05-20,12,https://github.com/apache/logging-log4net
Mnemonic,2303207.7715053526,1844,290,2016-03-29 07:00:06,46,66,-13,1,False,0,81,34,95,22868,-1,21892,17137,117,585,0.04664723032069971,33.01,14,0,1,4,32.55459216441876,152,2016-03-29,2023-05-31,12,https://github.com/apache/Mnemonic
NPanday,14766849.694194756,1040,43,2010-09-18 07:00:08,46,15,3,3,True,-2,62,7,0,64002,-1,0,71660,109,2020,0.015419091578031976,26.47,43,0,5,14,15.715368785876747,212,2010-09-18,2023-05-31,12,https://github.com/apache/NPanday
OODT,7170435.904155253,2387,188,2013-01-21 08:00:15,129,64,5,3,False,-9,129,52,223,57491,16789,59394,64863,777,2135,0.0011474151044206138,24.07,45,0,11,13,34.5919090075827,167,2013-01-21,2023-04-17,12,https://github.com/apache/OODT
climate,3699731.3453513547,4036,390,2014-03-08 08:00:06,132,116,-49,3,False,-8,84,43,65,6586,-1,22150,79733,184,2868,0.008533616854592765,37.66,36,6,2,16,20.281325407568712,405,2014-03-08,2020-10-05,12,https://github.com/apache/climate
incubator-retired-OpenAz,6699475.030000001,33,58,2015-04-11 07:00:06,38,26,3,2,False,-1,16,6,0,62155,-1,78363,38646,4,68,0.0,118.24,12,7,6,32,18.16517751961868,463,2015-04-11,2016-10-20,12,https://github.com/apache/incubator-retired-OpenAz
incubator-retired-Pirk,459950.6767878788,526,142,2016-06-19 07:00:06,231,26,-88,1,False,-6,26,10,0,32676,-1,30487,39786,76,219,7.052426831071627e-05,30.12,2,0,0,7,10.345285524568393,184,2016-06-19,2017-06-16,12,https://github.com/apache/incubator-retired-Pirk
OpenNLP,13268994.84399815,4979,2896,2011-11-09 08:00:09,51,424,3,2,False,5,302,65,134,6125,85681,86393,69646,82,2838,0.022605736509479824,27.82,11,9,6,36,21.588981866298898,522,2011-11-09,2023-07-04,12,https://github.com/apache/OpenNLP
PredictionIO,Issues missing,Issues missing,27124,2013-01-25 19:42:32,274,2014,1,5,False,-6,Commits or Issues or PRs missing,176,90,21355,-1,38591,284,1492,3010,Issues missing,39.02,8,0,0,4,14.771927079258274,686,2013-01-25,2020-12-29,12,https://github.com/apache/PredictionIO
Samza,3140447.373548438,6855,1869,2015-03-14 07:00:05,30,319,9,14,False,-13,454,192,432,40885,58,3251,20663,674,2271,0.04273109970589931,100.42,41,0,0,6,11.018972697825081,454,2015-03-14,2023-06-22,12,https://github.com/apache/Samza
Mesos,5230798.474435473,38668,11817,2013-07-17 07:00:13,327,1695,-6,11,False,-7,1693,438,981,38856,42321,60606,68822,2596,19314,0.011736344755723317,80.94,0,17,28,92,23.788211138930127,485,2013-07-17,2023-04-12,12,https://github.com/apache/Mesos
REEF,2778333.256623267,8774,292,2014-10-23 07:00:10,52,104,-48,5,True,-8,202,89,492,74086,39643,23478,51017,217,3741,0.012441023094114725,40.18,44,0,0,7,8.369390681882255,180,2014-10-23,2022-07-06,12,https://github.com/apache/REEF
Shiro,56551.0,4,10506,2009-08-29 08:00:17,-335,2288,84,4,False,8,111,77,467,64730,15945,70358,80761,117,3484,0.0,70.95,7,0,0,3,2.614704256495301,145,2009-08-29,2023-06-05,12,https://github.com/apache/Shiro
servicecomb-java-chassis,2519710.7302001743,5222,4493,2017-05-18 09:29:30,228,787,-78,2,False,-14,268,156,170,17125,22880,18533,79659,152,3752,0.00395987328405491,74.44,22,0,0,0,8.953458060117509,73,2017-05-18,2023-06-05,12,https://github.com/apache/servicecomb-java-chassis
Ignite,494154.0303030303,136,10789,2015-02-19 08:00:05,3357,1849,60,10,False,-7,529,426,2324,9693,56676,32816,77033,2277,31307,0.0,81.77,0,17,45,116,9.08068122688343,465,2015-02-19,2023-07-05,12,https://github.com/apache/Ignite
Zeppelin,2010741.5684104343,35982,14905,2015-03-25 07:00:06,56,2757,-65,5,False,-23,2571,526,207,50261,1044,77565,54755,1259,5740,0.029530320693947718,35.94,19,3,8,27,23.24671055908045,455,2015-03-25,2023-06-19,12,https://github.com/apache/Zeppelin
TVM,1222827.3922027291,13730,22833,2016-10-12 22:20:28,-559,3073,33,7,False,96,1348,818,1784,15847,69939,47578,31405,973,10177,0.0068657140670609716,57.58,0,14,41,172,11.945692368815134,419,2016-10-12,2023-06-21,12,https://github.com/apache/TVM
APISIX,698581.3416501182,23201,25997,2019-04-10 02:02:05,137,2223,53,5,False,33,945,357,2145,52215,85960,26262,42108,1951,2165,0.006508561691667365,7.76,35,1,0,9,29.18678577176887,403,2019-04-10,2023-05-27,12,https://github.com/apache/APISIX
Gobblin,1102031.1138770047,2743,5005,2014-12-01 18:10:50,100,735,16,9,False,-6,357,187,353,56831,1097,32808,2750,324,5858,0.004814958267830155,49.28,41,0,0,14,6.5636338321170875,245,2014-12-01,2023-05-30,12,https://github.com/apache/Gobblin
jUDDI,4744625.808772923,900,55,2014-02-21 08:00:09,33,17,2,2,False,-2,27,7,0,52072,-1,0,84452,173,3043,0.003953560917388886,16.04,24,5,31,24,50.4834402773903,439,2014-02-21,2023-02-27,12,https://github.com/apache/jUDDI
ODFToolkit,5458875.13297303,775,101,2012-07-28 07:00:12,6,29,0,1,True,1,95,5,0,84920,-1,80789,-1,120,1200,0.01047139389108301,13.97,30,2,17,23,63.75281461095822,259,2012-07-28,2018-10-02,12,https://github.com/apache/ODFToolkit
incubator-retired-Ripple,1882096.3603880606,278,405,2013-04-08 07:20:21,27,59,-10,2,False,-2,114,25,0,10228,-1,14672,39544,138,1006,0.008267090620031796,47.79,11,0,1,0,18.395158909770736,99,2013-04-08,2016-01-31,12,https://github.com/apache/incubator-retired-Ripple
Mynewt-core,5157541.646616542,665,1846,2015-10-29 07:00:07,378,352,0,6,False,4,193,149,959,51636,7733,42838,76795,367,10445,5.967979079520609e-05,2.13,0,30,106,157,28.248173917564184,623,2015-10-29,2023-06-01,12,https://github.com/apache/Mynewt-core
SystemML,12526342.832039919,6487,2372,2015-11-10 08:00:06,169,432,-60,2,False,-5,305,161,166,39418,0,50453,58045,937,7625,0.002346722690014695,53.5,0,35,30,94,12.829148653556272,947,2015-11-10,2023-07-05,12,https://github.com/apache/SystemML
Accumulo,13978907.876366321,32959,2377,2011-10-06 07:00:09,288,425,81,3,False,6,547,203,1133,6541,84259,16472,8334,349,11812,0.023701425245704774,47.84,0,9,21,59,20.37519116397621,464,2011-10-06,2023-06-06,12,https://github.com/apache/Accumulo
Calcite,2750670.6920155487,35059,9711,2014-06-25 07:00:07,42,1979,87,1,False,19,1508,411,1449,84884,46726,31069,53143,907,4559,0.03921940763399685,49.64,0,5,30,65,5.918698682550516,466,2014-06-25,2023-05-27,12,https://github.com/apache/Calcite
CarbonData,2539688.144278939,6873,3444,2016-06-28 07:00:06,414,712,-157,6,False,-36,583,235,229,31905,-1,21086,56059,844,5185,0.028382012928797246,69.06,0,11,6,97,11.864714974088553,361,2016-06-28,2023-04-28,12,https://github.com/apache/CarbonData
CloudStack,2416453.158125667,11732,3836,2013-04-29 22:27:12,2743,1002,63,15,False,-81,770,577,1688,14700,65684,66333,37731,563,49409,0.0006735151824325902,45.63,0,45,135,244,23.12449830125917,537,2013-04-29,2023-07-07,12,https://github.com/apache/CloudStack
Iceberg,2609149.4266802445,11088,10266,2018-11-19 16:26:46,-265,1612,-2,6,False,55,726,312,1146,11708,81816,47538,34822,595,3989,0.0003931181204328924,117.54,23,0,3,19,57.69391076532232,151,2018-11-19,2023-07-05,12,https://github.com/apache/Iceberg
MetaModel,4544793.764252634,1725,454,2013-08-07 07:00:14,13,148,0,2,False,-2,163,49,534,38165,-1,83487,54290,285,668,0.0260387811634349,58.67,40,0,0,2,5.719104007038897,119,2013-08-07,2021-06-23,12,https://github.com/apache/MetaModel
incubator-Myriad,5416660.542429188,827,383,2015-04-04 07:00:05,64,71,5,3,True,-10,83,39,17,55581,40874,30119,10142,160,293,0.013482767337996124,16.57,7,0,2,1,9.67164868140112,125,2015-04-04,2023-04-16,12,https://github.com/apache/incubator-Myriad
Nutch,8643543.426774736,17391,6388,2009-05-21 01:17:48,-13,1212,2,5,False,1,668,91,168,63245,78821,6318,52210,1717,2500,0.009532422635674746,19.59,22,4,2,36,15.463062359715039,250,2009-05-21,2023-05-23,12,https://github.com/apache/Nutch
Ambari,724845.2096878157,108630,5423,2011-09-23 07:00:08,231,1593,33,13,False,5,1730,302,5396,2516,71721,38463,41014,2381,35410,0.04914421376592121,70.12,0,25,56,132,19.590923681487492,437,2011-09-23,2023-05-25,12,https://github.com/apache/Ambari
incubator-AriaTosca,2021894.153536083,1977,104,2016-08-28 07:00:07,15,46,-26,2,False,-5,45,14,13,30471,76543,36521,46687,39,166,0.05902578796561605,57.47,25,0,0,0,4.990767080900334,85,2016-08-28,2018-07-15,12,https://github.com/apache/incubator-AriaTosca
Airflow,981268.9725315516,42777,73697,2015-04-13 18:04:58,-850,12467,600,5,False,207,4406,2556,6120,,80793,48015,39650,5042,22722,0.016981101349205704,102.45,23,1,26,21,20.89982662383425,251,2015-04-13,2023-06-22,12,https://github.com/apache/Airflow
incubator-retired-Gossip,3350083.1934470586,562,601,2016-05-28 07:00:05,31,115,-11,2,True,-7,55,15,0,,-1,,34730,26,184,0.015492957746478873,60.95,1,0,0,0,7.396449704142012,62,2016-05-28,2018-08-27,12,https://github.com/apache/incubator-retired-Gossip
MADlib,4578358.876266247,2368,985,2015-09-19 07:00:06,0,139,-6,5,False,-4,166,49,0,,-1,,22978,401,2655,0.03138075313807531,0.67,0,18,19,32,29.24762463969254,510,2015-09-19,2023-05-24,12,https://github.com/apache/MADlib
Metron,1536451.5308570499,17915,2191,2015-12-08 08:00:05,152,517,-32,4,False,-16,267,87,0,,-1,,70919,654,1014,0.009982371991964908,55.02,44,2,2,11,16.622195269860523,243,2015-12-08,2021-01-11,12,https://github.com/apache/Metron
OpenWhisk,4038937.170552147,8876,13297,2016-02-18 21:16:19,278,1159,-196,9,False,-31,421,244,788,,22804,,22215,639,2435,0.0025610405306245774,126.91,40,0,2,7,8.22775635636216,165,2016-02-18,2023-05-31,12,https://github.com/apache/OpenWhisk
NetBeans,6163652.850485148,24559,5354,2017-09-01 07:00:11,396,770,-288,1,False,-32,2944,245,4028,,59243,,35397,1387,8666,0.014794382484384739,31.93,0,50,558,1843,28.506458371197898,2404,2017-09-01,2023-06-02,12,https://github.com/apache/NetBeans
Ratis,2242426.3148876266,9589,2408,2017-01-31 08:00:07,-100,356,6,2,False,10,287,98,49,,17936,,257,123,1728,0.06891093288307303,48.23,10,0,1,2,4.840945852268351,108,2017-01-31,2023-07-05,12,https://github.com/apache/Ratis
IoTDB,1695388.3322499096,12059,7275,2018-11-24 21:29:17,-720,861,412,16,False,51,658,249,2158,,56449,,3065,2582,9905,0.011636363636363636,60.45,0,8,26,83,18.436963715487714,326,2018-11-24,2023-06-03,12,https://github.com/apache/IoTDB
NiFi,5836551.976830905,64822,10080,2014-12-12 08:00:05,301,2476,222,6,False,30,2840,573,3851,,47101,,65696,311,9680,0.021173387481668533,57.79,0,15,51,173,16.829542015535157,951,2014-12-12,2023-06-03,12,https://github.com/apache/NiFi
RocketMQ,3111817.800507185,10820,49480,2016-11-30 08:00:08,-76,10852,-15,7,False,35,1131,514,765,,55548,,2381,983,7429,0.005765039488176982,41.19,11,4,17,56,11.889026836023302,327,2016-11-30,2023-06-02,12,https://github.com/apache/RocketMQ
Druid,11629518.145662848,19638,28777,2012-10-23 19:08:07,-61,3533,-11,9,False,40,1244,596,2962,,39942,,81231,3779,10664,0.002326447954637505,101.5,0,3,37,165,18.911546195139703,506,2012-10-23,2023-06-01,12,https://github.com/apache/Druid
Thrift,6918474.745455096,30510,23454,2009-09-18 08:00:17,1,3958,0,8,False,5,2981,553,492,,7564,,42113,604,6201,0.09769127432909494,40.5,0,12,25,108,17.279205057888035,608,2009-09-18,2023-07-07,12,https://github.com/apache/Thrift
Storm,3552503.942656813,24632,17014,2013-11-05 08:00:14,152,4106,-23,7,False,-10,1455,466,48,,-1,,45146,4348,9946,0.008620898413851556,27.51,43,0,9,19,7.334605944914099,243,2013-11-05,2023-07-06,12,https://github.com/apache/Storm
TinkerPop,4478703.9692521375,16462,4311,2015-02-07 08:00:05,788,767,-42,1,False,5,729,228,73,,93,,79019,270,19813,0.004404706157808476,54.71,24,5,11,21,15.286766902320023,256,2015-02-07,2023-07-06,12,https://github.com/apache/TinkerPop
TrafficControl,15933231.160409557,6345,2178,2016-09-02 07:00:06,688,348,-104,6,False,-3,206,149,1984,,2063,,38653,1860,11990,0.007273075266759175,65.38,0,7,15,89,17.131665151269818,578,2016-09-02,2023-06-09,12,https://github.com/apache/TrafficControl
ShardingSphere,892010.8161697695,39329,43252,2016-01-18 12:49:26,-867,6332,136,2,False,60,1618,557,9268,,40209,,3576,5381,33797,0.0019002309404756125,116.32,35,0,18,1,31.034652179711244,83,2016-01-18,2023-06-09,12,https://github.com/apache/ShardingSphere
Kafka,4609501.732497411,71260,62747,2011-08-15 18:06:16,-411,12651,122,15,False,81,6482,1146,3639,,35311,,15110,280,16731,0.045037938547066336,143.95,4,7,31,60,7.434659019445073,294,2011-08-15,2023-06-06,12,https://github.com/apache/Kafka
Superset,3977338.9324889327,42565,115367,2015-07-21 18:55:34,-523,10699,90,11,False,70,2815,901,2258,,75754,,54138,2140,16594,0.0,47.61,31,1,19,64,18.129168876518023,632,2015-07-21,2023-06-07,12,https://github.com/apache/Superset
Pulsar,5688431.650975244,27079,28783,2016-06-28 07:00:03,-570,3299,106,11,False,75,1217,619,6376,,36705,,48897,2999,14243,0.01686434988330829,91.64,0,5,36,98,12.152129436885224,327,2016-06-28,2023-06-08,12,https://github.com/apache/Pulsar
Beam,12100401.482279256,73468,17722,2016-02-02 08:00:06,-1219,3950,-17,32,False,64,3797,1343,6445,,24148,,21562,5033,69139,0.01776143805135648,74.41,0,14,77,125,14.181809518922762,1870,2016-02-02,2023-07-09,12,https://github.com/apache/Beam
Flink,4972753.886764258,214022,54629,2014-06-07 07:00:10,160,12023,209,14,False,59,5854,1529,12032,,69098,,22524,6583,38100,0.024970342699888196,113.87,0,21,59,202,14.243722388194492,436,2014-06-07,2023-07-12,12,https://github.com/apache/Flink
Hudi,2915066.606126055,37493,10447,2016-12-14 15:53:41,-558,1957,238,11,False,94,1394,405,1437,,36864,,40625,1244,5472,0.0035314524986759274,62.98,0,7,6,58,20.8970655922514,267,2016-12-14,2023-07-10,12,https://github.com/apache/Hudi
incubator-Guacamole,3695256.552982444,7504,2,2016-02-11 08:00:06,0,0,-5,0,Commits missing,Commits missing,Commits or Issues or PRs missing,Commits missing,0,,-1,,73018,1000,Commits missing,0,0.0,0,0,0,0,NaN,0,2016-02-11,2023-07-05,12,https://github.com/apache/incubator-Guacamole
Dubbo,3745666.679821638,25727,103770,2012-06-19 07:56:02,-63,25918,209,6,False,49,2308,593,3456,,64096,,83017,310,7637,0.01395754579819715,70.66,33,2,4,12,11.403020144424076,230,2012-06-19,2023-05-31,12,https://github.com/apache/Dubbo
Libcloud,2560570.7037402606,4536,4817,2009-12-11 09:00:14,165,929,17,3,False,-2,1105,465,2529,,43630,,3663,390,9642,0.014713451000575218,93.15,45,0,15,2,29.036188303608462,147,2009-12-11,2023-06-01,12,https://github.com/apache/Libcloud
SkyWalking,427666.6310336708,22645,50158,2015-11-07 03:30:36,353,6228,19,4,False,16,1214,465,1086,,22026,,74654,2861,4951,0.005518127166667657,53.27,48,0,0,7,14.91085377442059,155,2015-11-07,2023-06-17,12,https://github.com/apache/SkyWalking
incubator-retired-Weex,973964.6311881188,3195,29542,2017-01-06 08:00:06,1759,1848,-194,2,False,-62,541,228,1284,,53764,,75674,1688,10419,0.0019169555068260593,3.74,7,12,47,31,9.752025071498297,2394,2017-01-06,2021-05-31,12,https://github.com/apache/incubator-retired-Weex
DolphinScheduler,625084.4359781349,26952,25234,2019-03-01 16:39:25,532,3942,12,13,False,38,984,479,1701,,41559,,63593,1398,8173,0.014375204048318642,26.5,38,1,8,42,18.900171357163703,562,2019-03-01,2023-07-05,12,https://github.com/apache/DolphinScheduler
TrafficServer,9606571.618306352,7396,3987,2009-10-31 08:00:10,-106,773,110,10,False,13,611,472,8501,,41311,,42945,594,19309,0.00046136578043120483,21.49,35,1,52,4,11.583606649813456,178,2009-10-31,2023-06-19,12,https://github.com/apache/TrafficServer
